Age,Gender,Education Level,Job Title,Years of Experience,Salary
35,Male,High School,Business Analyst,6,63077.77
52,Female,High School,Marketing Manager,5,69937.69
25,Male,Bachelor's,Sales Director,0,63147.72
29,Male,High School,Content Creator,4,59292.49
24,Female,Bachelor's,Sales Director,0,72655.69
59,Female,Master's,Data Analyst,7,109378.77
42,Male,Master's,Product Manager,17,120842.69
36,Male,PhD,VP of Operations,0,103728.53
44,Female,Master's,Marketing Analyst,3,102437.25
49,Female,PhD,Receptionist,24,199495.09
58,Female,PhD,Director,14,151579.7
32,Female,Bachelor's,Engineer,1,65180.24
23,Male,Bachelor's,Software Developer,1,61663.58
24,Male,High School,Director of Operations,5,58833.27
34,Male,Master's,Sales Associate,1,86076.77
57,Female,Master's,Sales Director,11,114295.1
26,Female,Bachelor's,Data Scientist,2,78351.54
24,Male,Bachelor's,Business Analyst,0,55863.58
39,Male,Master's,VP of Operations,2,92104.54
46,Male,Bachelor's,Sales Associate,9,98909.06
44,Male,Bachelor's,Marketing Manager,21,125047.78
36,Female,Master's,Data Analyst,7,107868.35
42,Female,Master's,UX Designer,10,114553.02
28,Female,Bachelor's,HR Manager,1,64203.09
27,Male,Bachelor's,IT Support,3,68560.13
39,Female,PhD,Research Scientist,2,110331.71
34,Female,Master's,HR Manager,8,106352.88
52,Male,Bachelor's,Product Manager,16,103660.28
63,Female,PhD,Director,19,188506.87
47,Male,High School,Product Manager,25,121972.95
52,Male,PhD,Data Scientist,8,143259.73
49,Male,Bachelor's,Software Developer,1,80182.04
34,Male,Master's,Data Analyst,11,110664.76
29,Female,Bachelor's,Senior Manager,1,70353.7
48,Male,High School,Senior Scientist,10,72373.0
44,Male,Bachelor's,Software Developer,15,100230.3
52,Female,Master's,Business Analyst,6,109717.67
46,Male,Master's,Content Creator,3,96490.13
46,Male,Master's,Content Creator,16,120715.27
47,Female,Master's,Marketing Analyst,9,109758.49
35,Female,Bachelor's,Sales Director,4,78070.27
58,Female,PhD,UX Designer,3,116817.44
31,Male,Bachelor's,Receptionist,1,62324.01
45,Female,PhD,Director,6,136191.02
50,Female,High School,Director,25,123400.13
49,Male,Bachelor's,Receptionist,24,140731.32
31,Female,Bachelor's,Director of Operations,9,80007.12
36,Male,High School,Data Scientist,17,91452.58
31,Female,Bachelor's,IT Support,4,72828.31
36,Male,Master's,HR Manager,5,104094.52
35,Female,Master's,Software Engineer,3,101712.28
61,Male,PhD,Operations Manager,12,149051.19
45,Male,High School,Marketing Analyst,19,112533.65
38,Male,Bachelor's,Operations Manager,15,109031.86
36,Female,Master's,Product Manager,3,95913.89
28,Male,Bachelor's,Web Developer,5,77458.47
25,Male,Bachelor's,Product Manager,2,71692.58
34,Female,Master's,Receptionist,7,109803.15
28,Male,Bachelor's,Financial Analyst,2,73797.09
25,Female,Bachelor's,Software Developer,0,61105.97
31,Female,Master's,Research Scientist,0,88424.88
39,Female,PhD,Senior Scientist,0,114311.2
48,Female,Bachelor's,VP of Operations,7,102735.41
54,Female,High School,Sales Director,23,111727.46
23,Female,High School,Sales Manager,5,53011.01
36,Male,Bachelor's,Engineer,11,83502.76
50,Female,Master's,Web Developer,27,147589.74
44,Female,Bachelor's,Research Scientist,7,102846.39
43,Male,Bachelor's,Sales Associate,18,121118.97
43,Male,Bachelor's,Sales Manager,4,76250.18
31,Male,Bachelor's,Sales Director,2,64296.71
36,Male,Master's,Senior Scientist,10,108985.43
22,Male,High School,IT Support,1,49267.25
33,Female,Bachelor's,Graphic Designer,4,87053.56
55,Female,Master's,Senior Scientist,31,187199.7
64,Male,PhD,Product Manager,39,211108.39
26,Female,Bachelor's,Content Creator,1,67283.49
59,Female,Master's,Software Engineer,4,101355.48
52,Male,Bachelor's,Receptionist,11,101842.08
44,Female,Master's,Software Developer,13,143861.83
22,Male,Bachelor's,Marketing Manager,0,51829.61
34,Female,PhD,Project Engineer,2,120192.57
41,Female,PhD,Marketing Manager,0,91064.98
27,Male,Bachelor's,Financial Analyst,3,76899.64
42,Female,Bachelor's,Marketing Analyst,4,72946.29
30,Female,Master's,Product Manager,1,94235.08
28,Female,Master's,Director of Operations,1,95351.21
46,Female,High School,Director of Operations,24,115583.4
55,Male,Master's,Sales Manager,28,153773.85
27,Male,Bachelor's,Operations Manager,3,73553.79
57,Male,Master's,Product Manager,3,94912.04
59,Male,Bachelor's,Operations Manager,18,127047.11
39,Female,Bachelor's,Receptionist,9,92284.1
48,Female,Bachelor's,Sales Manager,10,99362.18
28,Female,Bachelor's,Content Creator,1,65603.69
34,Female,Bachelor's,Product Manager,8,100165.89
32,Male,Bachelor's,Sales Director,0,71955.4
41,Male,Bachelor's,Operations Manager,4,97172.56
55,Female,Bachelor's,Sales Associate,16,99638.59
30,Female,Master's,Marketing Coordinator,0,89598.75
31,Female,High School,VP of Operations,2,50135.18
55,Male,PhD,Web Developer,0,106096.12
59,Female,Bachelor's,Project Engineer,14,120351.89
22,Male,High School,Research Scientist,4,46744.13
41,Male,Bachelor's,Product Manager,7,83327.18
22,Female,High School,Director,4,52323.58
53,Female,Bachelor's,Data Scientist,27,127899.38
26,Male,Bachelor's,Marketing Manager,2,72533.47
45,Male,Bachelor's,Marketing Manager,23,113844.79
52,Male,High School,Senior Manager,18,123189.89
58,Female,Bachelor's,Business Analyst,4,93978.81
31,Male,Master's,VP of Operations,2,82265.21
39,Male,Bachelor's,Research Scientist,15,117965.53
26,Male,Master's,Director of Operations,3,86455.54
57,Male,Bachelor's,Data Analyst,21,137409.33
47,Male,Bachelor's,Marketing Manager,13,94036.92
47,Male,Master's,Operations Manager,11,118752.81
52,Female,PhD,Data Analyst,11,144308.36
37,Male,PhD,Data Scientist,6,133191.97
26,Female,Master's,Marketing Analyst,2,96241.45
42,Female,Bachelor's,Data Scientist,6,92965.98
41,Male,Master's,Account Manager,14,128447.01
37,Male,Bachelor's,Software Developer,7,81852.1
43,Female,Bachelor's,Business Analyst,14,108621.9
51,Female,High School,Software Developer,13,84040.59
32,Female,Bachelor's,Marketing Manager,9,88153.61
36,Male,High School,Marketing Coordinator,9,68688.42
37,Male,Bachelor's,Business Analyst,3,81185.88
24,Female,Bachelor's,Research Scientist,0,52838.91
32,Male,Master's,Web Developer,9,96384.12
57,Female,Bachelor's,Research Scientist,30,119209.09
33,Male,High School,Sales Associate,13,87286.52
54,Female,Master's,Software Engineer,15,137270.04
48,Male,Bachelor's,Marketing Coordinator,14,104078.95
48,Female,Master's,Software Engineer,11,120167.12
45,Female,High School,Sales Associate,0,52133.35
48,Male,Bachelor's,Sales Associate,2,81081.2
38,Male,High School,Product Manager,11,72386.66
41,Female,Master's,Marketing Manager,0,94064.85
52,Male,High School,Account Manager,12,73420.59
45,Female,Master's,Project Engineer,2,96813.07
58,Female,Bachelor's,Financial Analyst,15,123556.05
35,Male,PhD,HR Manager,2,109150.54
41,Male,Master's,Sales Associate,1,92480.38
41,Female,Master's,HR Manager,19,145673.93
37,Male,Master's,HR Manager,15,121403.54
57,Male,Bachelor's,Senior Scientist,8,101747.35
39,Male,Bachelor's,Sales Director,14,114726.29
45,Male,Bachelor's,Marketing Analyst,1,69727.3
41,Male,Bachelor's,Graphic Designer,5,82274.58
50,Male,Bachelor's,Product Manager,23,126001.52
36,Male,High School,Operations Manager,2,59049.17
56,Male,Bachelor's,Product Manager,27,155857.96
51,Female,Master's,Engineer,24,157005.59
31,Female,High School,Business Analyst,4,60007.72
33,Male,Master's,Product Manager,7,106702.1
47,Female,Bachelor's,Content Creator,5,84698.6
30,Female,Master's,Financial Analyst,8,107153.17
44,Male,Bachelor's,Research Scientist,4,87141.58
33,Female,Bachelor's,Marketing Manager,4,74854.67
41,Female,Bachelor's,Product Manager,10,103287.6
35,Female,High School,Receptionist,14,73754.54
52,Male,Master's,Data Scientist,20,143858.61
54,Male,Master's,Senior Manager,16,129429.49
60,Female,Master's,Financial Analyst,1,102730.92
52,Male,Master's,Receptionist,20,145470.18
44,Female,Bachelor's,Project Engineer,11,116615.12
38,Male,Master's,IT Support,4,93924.81
52,Female,PhD,Content Creator,5,127955.87
52,Male,High School,Web Developer,13,75598.48
48,Male,Master's,Data Analyst,12,119752.4
46,Female,Bachelor's,IT Support,14,93454.72
53,Male,Master's,Data Analyst,28,180773.31
51,Male,Bachelor's,Project Engineer,25,163342.12
57,Male,PhD,Project Engineer,5,122676.65
52,Female,High School,Marketing Analyst,5,64490.03
31,Male,Bachelor's,VP of Operations,4,74237.75
24,Male,Bachelor's,Marketing Analyst,0,72517.68
22,Female,Bachelor's,Software Engineer,0,57493.71
39,Female,High School,Product Manager,9,73452.55
50,Female,Bachelor's,Software Engineer,10,98779.02
50,Female,Bachelor's,Content Creator,28,144356.42
55,Female,Master's,Data Analyst,21,148156.47
40,Male,Master's,Marketing Manager,9,105958.11
24,Female,Bachelor's,IT Support,0,64188.98
30,Female,High School,Marketing Manager,12,79382.49
51,Male,Bachelor's,Engineer,21,127918.29
32,Male,PhD,Operations Manager,5,121782.36
28,Male,Master's,Project Engineer,1,79541.03
38,Male,Master's,Marketing Coordinator,12,123513.09
36,Male,Master's,Software Developer,8,106149.69
51,Female,Master's,Senior Manager,26,161225.01
57,Female,Bachelor's,Data Analyst,18,129952.99
36,Male,High School,Account Manager,14,89396.73
37,Male,Master's,UX Designer,2,89968.57
27,Female,Bachelor's,Research Scientist,3,83911.53
28,Male,Bachelor's,Receptionist,6,86108.39
46,Male,Bachelor's,Sales Manager,9,100462.02
45,Female,Bachelor's,Web Developer,16,119115.03
44,Male,Bachelor's,Data Analyst,1,64573.56
51,Female,High School,Financial Analyst,28,120375.02
33,Male,High School,Senior Scientist,12,94303.71
51,Male,Master's,Content Creator,16,146328.66
33,Male,Bachelor's,Marketing Manager,4,80626.85
38,Female,PhD,Data Scientist,9,128561.67
46,Male,Master's,Sales Director,21,157951.95
48,Female,Bachelor's,HR Manager,12,90273.39
43,Male,Bachelor's,UX Designer,3,77609.29
42,Male,Bachelor's,HR Manager,2,64591.79
33,Female,Bachelor's,Research Scientist,0,73425.77
54,Female,Master's,Web Developer,9,109808.47
44,Female,Bachelor's,Sales Director,9,97521.31
23,Male,Bachelor's,Account Manager,1,59718.71
52,Female,Bachelor's,Senior Manager,27,123439.45
31,Female,Master's,Sales Director,7,92280.17
53,Male,Master's,Senior Manager,16,130640.41
47,Male,Master's,Financial Analyst,14,144296.4
39,Male,Bachelor's,Marketing Coordinator,2,78511.25
42,Male,Master's,Sales Associate,6,115911.8
42,Male,High School,Product Manager,2,47655.82
35,Male,Bachelor's,Engineer,1,73056.3
55,Female,Bachelor's,Software Developer,2,74149.78
53,Female,Bachelor's,Senior Manager,1,76453.65
56,Male,Master's,UX Designer,19,129043.71
42,Female,High School,Graphic Designer,21,102826.42
48,Male,Bachelor's,Web Developer,24,147890.52
49,Male,Bachelor's,Software Engineer,7,93769.65
35,Female,Master's,Financial Analyst,8,117583.61
38,Male,Master's,Product Manager,0,90414.3
58,Male,Bachelor's,VP of Operations,30,171492.62
45,Male,Master's,Web Developer,21,164277.57
52,Female,Master's,Operations Manager,14,142869.79
26,Female,Master's,Data Analyst,3,88534.99
33,Male,Master's,Project Engineer,0,82327.57
51,Female,Bachelor's,Senior Manager,16,107075.74
54,Female,Bachelor's,Web Developer,5,80957.99
46,Female,PhD,Data Analyst,4,116804.98
51,Female,PhD,Business Analyst,6,113117.25
23,Female,Bachelor's,UX Designer,1,70626.71
51,Male,PhD,Marketing Analyst,5,124577.91
49,Female,Bachelor's,Software Developer,0,82898.2
52,Female,Master's,Product Manager,12,131245.51
36,Male,High School,Project Engineer,18,98515.3
53,Male,High School,Operations Manager,21,105457.13
51,Male,Master's,Business Analyst,10,114967.94
24,Male,Bachelor's,Engineer,2,67199.89
59,Male,PhD,Sales Manager,37,211651.16
57,Female,Bachelor's,Content Creator,17,107675.13
54,Female,Bachelor's,Project Engineer,30,130974.05
47,Female,Bachelor's,Receptionist,9,95248.43
51,Male,Master's,Product Manager,11,111257.69
28,Female,Bachelor's,VP of Operations,3,74935.51
60,Female,PhD,Senior Scientist,22,171123.97
34,Male,Bachelor's,Product Manager,0,75156.49
36,Male,Master's,UX Designer,9,112435.9
46,Male,High School,Data Scientist,6,65444.67
36,Male,Bachelor's,Receptionist,6,71911.31
46,Female,PhD,Sales Director,19,142980.42
39,Male,Bachelor's,Product Manager,14,106682.3
30,Female,PhD,Receptionist,3,106236.81
29,Male,Bachelor's,Senior Manager,7,78841.62
39,Female,High School,Web Developer,21,92571.39
58,Female,Master's,Software Developer,9,127811.1
51,Male,Bachelor's,Marketing Analyst,19,123578.01
38,Female,Master's,Operations Manager,1,92831.83
41,Male,Bachelor's,Project Engineer,14,105117.89
53,Male,PhD,IT Support,23,153210.56
33,Male,Bachelor's,Senior Scientist,8,88173.1
49,Male,Bachelor's,Sales Associate,7,85706.18
40,Female,Bachelor's,Financial Analyst,17,113792.62
38,Female,Master's,Research Scientist,5,108468.82
42,Male,Master's,Marketing Coordinator,3,88945.73
60,Male,PhD,Project Engineer,2,122639.23
23,Male,Bachelor's,Senior Scientist,1,66131.69
44,Male,Master's,Marketing Coordinator,4,105180.29
23,Female,Bachelor's,Director,0,62311.56
24,Female,Bachelor's,Financial Analyst,0,71126.0
46,Female,Bachelor's,Marketing Manager,23,142071.28
50,Male,PhD,Director of Operations,20,158630.22
25,Male,High School,Marketing Manager,3,47073.22
46,Female,Master's,HR Manager,8,112624.6
47,Female,Master's,Marketing Manager,11,117362.16
50,Female,High School,Marketing Manager,15,102366.0
58,Female,Bachelor's,Software Developer,31,166523.22
49,Female,Bachelor's,Sales Associate,4,90397.55
44,Male,Bachelor's,Data Scientist,11,96984.93
36,Female,Master's,Sales Manager,8,112222.69
60,Male,Master's,Director of Operations,24,128750.49
51,Male,Bachelor's,Director of Operations,15,99364.57
58,Female,Master's,Account Manager,19,149082.14
45,Male,Master's,Marketing Coordinator,19,145823.61
36,Female,High School,Senior Scientist,3,48484.24
61,Male,Master's,Senior Manager,14,120486.62
49,Male,High School,HR Manager,16,88983.83
32,Female,Bachelor's,Business Analyst,3,74060.73
50,Female,Master's,Sales Associate,6,109879.37
47,Female,Master's,Marketing Coordinator,3,97720.81
26,Female,Bachelor's,Receptionist,0,62396.82
58,Female,PhD,Financial Analyst,30,174072.55
40,Female,Master's,Graphic Designer,15,137751.09
22,Female,Bachelor's,Receptionist,0,56385.59
43,Male,Bachelor's,HR Manager,4,87401.78
33,Female,Bachelor's,Project Engineer,0,72591.44
31,Male,Bachelor's,Web Developer,3,86924.64
32,Female,Bachelor's,Research Scientist,1,66457.78
50,Male,Master's,Operations Manager,6,116822.48
47,Female,PhD,VP of Operations,16,167621.8
48,Female,Master's,Account Manager,0,82971.39
42,Male,Master's,IT Support,3,91876.55
34,Female,Master's,Engineer,10,112166.0
51,Female,Master's,Product Manager,20,138357.4
46,Male,PhD,Director of Operations,10,127893.75
30,Female,Bachelor's,Financial Analyst,0,71751.45
51,Male,Bachelor's,Software Developer,29,168565.13
55,Male,Master's,Web Developer,15,139747.3
56,Female,PhD,Product Manager,18,155518.76
41,Male,High School,Marketing Analyst,4,58289.13
44,Male,Master's,IT Support,0,94325.15
34,Male,Master's,Marketing Analyst,1,91160.14
43,Female,Master's,Senior Scientist,14,125452.95
59,Male,Master's,VP of Operations,4,115898.28
28,Female,Master's,Engineer,2,87445.24
52,Male,PhD,Account Manager,18,167479.35
43,Male,Master's,Research Scientist,16,149506.2
33,Female,Bachelor's,Sales Director,11,95180.94
36,Male,Bachelor's,Director,12,110079.11
26,Female,Bachelor's,Engineer,2,71436.37
28,Female,High School,Marketing Coordinator,8,58080.73
31,Female,Bachelor's,VP of Operations,3,78926.68
41,Male,Master's,Operations Manager,2,96416.97
43,Male,PhD,VP of Operations,9,139260.91
46,Male,High School,Director of Operations,22,112456.87
44,Female,PhD,Marketing Analyst,6,133054.45
31,Male,Bachelor's,Business Analyst,6,76974.43
32,Female,High School,Engineer,13,77532.72
31,Male,High School,Graphic Designer,4,55610.62
57,Male,Master's,Director,5,102934.85
52,Male,Bachelor's,Senior Scientist,9,105548.28
39,Male,Bachelor's,Marketing Analyst,16,92011.72
54,Female,Bachelor's,Engineer,17,130420.22
42,Male,High School,Software Developer,21,81479.44
44,Female,Bachelor's,Business Analyst,10,109310.88
44,Male,Bachelor's,Director of Operations,10,95627.62
60,Male,PhD,Financial Analyst,35,223002.56
58,Male,Master's,Director of Operations,32,166170.0
55,Male,Bachelor's,Sales Associate,23,142305.34
37,Male,Bachelor's,Software Developer,2,68514.73
57,Female,Bachelor's,Marketing Coordinator,31,173202.26
55,Female,Bachelor's,Receptionist,32,172717.91
28,Female,Bachelor's,Senior Scientist,2,73717.24
31,Male,Bachelor's,Graphic Designer,7,79065.17
30,Male,Bachelor's,UX Designer,7,74475.84
48,Female,Master's,Senior Scientist,20,145119.49
47,Female,High School,Graphic Designer,29,103784.41
30,Male,High School,Software Engineer,7,62706.39
54,Male,Bachelor's,Graphic Designer,31,166274.2
49,Male,Master's,Marketing Analyst,8,124236.04
55,Male,Bachelor's,Graphic Designer,27,139199.32
44,Female,Master's,IT Support,10,110222.38
52,Male,Bachelor's,Business Analyst,18,111144.12
26,Female,Master's,Data Scientist,1,85427.18
22,Female,High School,Sales Associate,4,45795.5
57,Female,Master's,VP of Operations,21,169795.35
61,Male,Master's,VP of Operations,37,200380.03
55,Male,Bachelor's,Receptionist,27,140117.0
49,Female,High School,Business Analyst,12,73014.12
23,Female,High School,HR Manager,1,46861.25
47,Male,Master's,Software Developer,5,107732.98
32,Male,Master's,Engineer,10,110399.39
24,Female,Bachelor's,Product Manager,0,65273.84
40,Male,Bachelor's,Financial Analyst,6,89078.45
39,Female,Master's,Marketing Coordinator,0,76076.44
35,Female,Master's,VP of Operations,8,113011.88
53,Male,Master's,Project Engineer,25,165583.07
35,Female,Bachelor's,Financial Analyst,1,80067.77
56,Male,Bachelor's,Research Scientist,7,90514.62
42,Male,Master's,Content Creator,16,154077.11
57,Male,Bachelor's,Engineer,17,109276.99
46,Male,Bachelor's,Data Analyst,20,133750.0
43,Female,Master's,Sales Manager,10,130276.43
48,Male,High School,Web Developer,4,67648.33
58,Female,Bachelor's,Project Engineer,7,91781.15
60,Male,Master's,Data Scientist,29,189801.69
25,Male,Master's,Account Manager,0,78663.68
59,Male,Master's,Account Manager,24,141782.29
42,Male,Bachelor's,VP of Operations,13,96310.73
42,Male,High School,Software Engineer,8,79124.24
51,Male,Master's,Data Scientist,14,120513.5
51,Male,Bachelor's,Product Manager,0,76857.19
33,Male,Master's,Business Analyst,1,99415.56
54,Female,Bachelor's,IT Support,4,94768.33
22,Female,High School,Software Developer,2,52344.89
53,Male,Master's,Director of Operations,8,108061.36
58,Male,Bachelor's,Engineer,26,129595.65
44,Male,High School,Sales Manager,13,81477.63
49,Male,Bachelor's,Software Developer,2,75105.02
50,Female,PhD,Sales Associate,11,149790.67
51,Female,Master's,Receptionist,25,141395.82
33,Female,Master's,UX Designer,9,120143.57
28,Male,Bachelor's,Financial Analyst,6,88282.15
22,Female,Bachelor's,Software Engineer,0,62911.88
54,Male,Bachelor's,Sales Associate,17,113139.81
35,Female,Bachelor's,Marketing Manager,5,77871.91
28,Female,Bachelor's,Software Developer,2,80742.45
64,Male,PhD,Senior Scientist,10,142145.39
33,Female,Bachelor's,Engineer,8,92002.59
49,Female,Master's,Marketing Analyst,15,125700.19
30,Female,PhD,IT Support,5,112537.93
57,Male,Bachelor's,Data Analyst,20,121302.19
29,Male,PhD,Data Analyst,3,110182.1
26,Female,Master's,Data Analyst,3,84682.63
54,Male,Master's,IT Support,16,140477.61
59,Male,Master's,Account Manager,20,133179.85
29,Male,Master's,HR Manager,3,88175.24
52,Female,Master's,Marketing Analyst,21,167534.25
60,Female,Master's,Business Analyst,37,181103.0
38,Female,Bachelor's,Engineer,13,97873.99
56,Female,Bachelor's,Project Engineer,26,126258.0
43,Female,Bachelor's,Marketing Analyst,20,120344.15
47,Female,Master's,UX Designer,17,128781.15
30,Male,Bachelor's,Receptionist,1,71716.63
62,Male,PhD,Research Scientist,15,146161.06
30,Female,Bachelor's,Operations Manager,6,83100.59
44,Female,PhD,Financial Analyst,2,124652.05
40,Male,Bachelor's,Data Scientist,6,100269.81
50,Female,Master's,Business Analyst,9,101153.35
51,Female,PhD,Receptionist,4,129723.32
53,Female,Bachelor's,UX Designer,12,106998.42
59,Female,Master's,IT Support,11,121349.64
46,Male,Bachelor's,Engineer,19,109554.53
34,Male,Bachelor's,IT Support,1,63926.36
29,Female,Bachelor's,Data Scientist,2,64102.7
59,Male,Bachelor's,HR Manager,37,160657.65
26,Female,Master's,Project Engineer,4,90725.84
47,Female,Master's,Content Creator,16,132648.01
60,Male,Master's,Sales Manager,12,139406.11
54,Male,High School,Sales Director,8,82759.39
36,Female,Bachelor's,Data Analyst,7,87909.78
55,Female,PhD,Data Analyst,4,127663.0
27,Male,Bachelor's,Web Developer,3,81674.76
29,Female,Bachelor's,Financial Analyst,2,76629.12
49,Female,Bachelor's,Software Developer,19,128306.65
53,Male,Bachelor's,Content Creator,16,110392.53
50,Male,Bachelor's,Business Analyst,15,108381.21
27,Female,Master's,Senior Manager,5,103855.32
45,Female,Bachelor's,VP of Operations,7,100385.38
45,Female,High School,Senior Manager,25,109766.08
25,Male,High School,Sales Director,5,69079.29
38,Male,Bachelor's,VP of Operations,1,63081.07
59,Female,Master's,UX Designer,14,125735.31
49,Male,Master's,Director of Operations,16,151251.88
36,Female,Master's,Senior Scientist,1,85251.67
43,Male,Master's,Senior Scientist,20,120081.13
58,Male,Bachelor's,Operations Manager,21,131192.89
57,Male,Bachelor's,Product Manager,1,75215.15
34,Male,High School,Research Scientist,11,81786.71
34,Female,Bachelor's,Data Analyst,0,71229.16
53,Male,Master's,Graphic Designer,20,126617.13
44,Female,Bachelor's,Data Analyst,3,82786.89
29,Female,PhD,UX Designer,7,121164.84
30,Female,Master's,Director,2,92412.58
47,Male,Bachelor's,Marketing Analyst,16,110099.08
23,Female,Bachelor's,Receptionist,1,63396.87
33,Male,Bachelor's,Sales Manager,1,64774.04
43,Male,Master's,Receptionist,16,143846.26
28,Male,High School,VP of Operations,0,49488.93
45,Male,Master's,Data Analyst,18,135164.92
41,Male,High School,Marketing Coordinator,20,104459.92
30,Male,Bachelor's,Director of Operations,6,87062.88
32,Female,PhD,Director of Operations,3,99283.33
29,Female,Master's,Project Engineer,0,84379.34
52,Male,Master's,Sales Associate,15,149200.31
41,Female,Bachelor's,Data Analyst,8,81246.59
34,Female,Bachelor's,Graphic Designer,6,77972.73
55,Male,Master's,Sales Associate,24,152609.31
44,Male,Bachelor's,VP of Operations,22,118144.48
31,Male,PhD,Software Engineer,0,97780.36
55,Male,Bachelor's,Receptionist,29,157035.59
36,Male,Bachelor's,Product Manager,2,73183.93
38,Male,Bachelor's,Project Engineer,6,84385.75
47,Female,PhD,Sales Director,0,109125.87
32,Male,Bachelor's,Graphic Designer,6,81494.2
40,Female,Bachelor's,Graphic Designer,3,80051.64
51,Female,Master's,Business Analyst,22,150286.55
54,Female,Bachelor's,Project Engineer,20,130765.49
50,Female,PhD,Business Analyst,16,163530.85
50,Female,Bachelor's,Director,15,123510.96
49,Male,Master's,Director,26,169497.28
54,Female,High School,UX Designer,14,99376.79
53,Female,Bachelor's,Director,29,136048.09
35,Female,Bachelor's,Marketing Coordinator,3,78337.94
59,Female,Bachelor's,Sales Manager,4,77844.6
40,Female,PhD,Software Developer,10,134736.09
40,Female,Bachelor's,Data Analyst,14,123905.55
58,Male,Bachelor's,Data Scientist,24,136298.02
30,Male,Bachelor's,Business Analyst,6,78806.6
29,Female,PhD,Web Developer,6,120889.55
25,Male,Bachelor's,Sales Associate,3,75304.88
25,Female,Master's,Data Analyst,2,90719.68
30,Male,Bachelor's,Engineer,8,82563.49
42,Female,Bachelor's,HR Manager,4,88812.11
25,Male,Bachelor's,Graphic Designer,2,68778.7
32,Male,Bachelor's,Receptionist,1,62356.31
49,Male,High School,Receptionist,12,67925.77
41,Male,Bachelor's,Content Creator,3,70333.69
47,Male,High School,Operations Manager,10,63368.19
58,Female,Bachelor's,IT Support,33,191430.46
53,Male,Bachelor's,Business Analyst,23,119633.74
45,Male,Master's,Marketing Analyst,20,147983.87
36,Female,Bachelor's,Marketing Manager,10,105144.32
23,Male,Bachelor's,Marketing Coordinator,1,71661.45
27,Male,High School,Sales Associate,1,47113.64
36,Female,Master's,Content Creator,2,97267.66
51,Female,Bachelor's,Director of Operations,24,148676.19
29,Male,Bachelor's,Senior Scientist,1,66139.26
34,Female,Master's,HR Manager,12,121764.81
45,Female,Master's,Senior Manager,21,165155.7
52,Male,Master's,HR Manager,6,100595.35
54,Male,Bachelor's,Marketing Analyst,20,121886.54
53,Female,Bachelor's,Web Developer,29,136786.39
45,Male,Master's,Software Developer,10,126109.55
26,Female,Bachelor's,Senior Manager,3,69102.56
39,Female,Master's,Operations Manager,13,131322.12
51,Male,Master's,Web Developer,28,165254.32
47,Male,Master's,Research Scientist,8,109641.03
39,Male,Bachelor's,Data Scientist,15,111848.3
35,Male,Master's,Senior Scientist,10,113186.95
51,Female,Bachelor's,UX Designer,8,93657.15
43,Male,High School,Business Analyst,12,84377.4
57,Female,Bachelor's,IT Support,16,120019.02
41,Male,High School,Sales Director,18,113207.02
57,Male,Master's,Sales Associate,18,126344.86
50,Female,Bachelor's,VP of Operations,9,104391.03
37,Male,Bachelor's,Web Developer,1,59331.09
53,Female,Bachelor's,Senior Manager,13,108195.38
45,Male,Bachelor's,Software Developer,12,106844.44
51,Male,Master's,Sales Director,3,107140.88
38,Male,Master's,Receptionist,8,109149.86
46,Female,PhD,Sales Director,22,171052.71
54,Female,Master's,Senior Scientist,26,147764.65
34,Male,Bachelor's,VP of Operations,5,82575.92
41,Male,Bachelor's,Director,2,70729.28
27,Female,Bachelor's,Product Manager,5,81126.58
28,Female,High School,Senior Scientist,7,72201.49
59,Male,Bachelor's,Sales Manager,37,147212.15
23,Female,Bachelor's,Marketing Coordinator,0,55546.85
33,Female,Bachelor's,Operations Manager,7,92498.06
23,Male,Bachelor's,Web Developer,0,66895.26
50,Female,Bachelor's,Account Manager,6,91114.63
28,Female,Bachelor's,Data Analyst,2,68582.78
27,Male,Bachelor's,Product Manager,0,66853.81
54,Male,Bachelor's,IT Support,22,115269.03
36,Female,Bachelor's,Software Engineer,8,91146.88
28,Female,Master's,Financial Analyst,3,98150.92
30,Female,Bachelor's,Software Engineer,6,86441.43
32,Female,Bachelor's,Web Developer,1,80294.46
31,Male,Master's,Data Scientist,2,95113.95
24,Female,Bachelor's,Marketing Manager,1,67321.55
53,Male,Master's,Receptionist,9,117273.79
49,Male,Master's,Software Engineer,12,115686.56
54,Male,Bachelor's,Marketing Manager,30,128786.02
54,Male,Master's,Marketing Manager,27,152130.45
29,Female,PhD,Marketing Coordinator,3,105601.74
58,Female,PhD,HR Manager,12,141443.23
25,Male,Bachelor's,UX Designer,3,84627.11
28,Female,Bachelor's,Financial Analyst,1,69821.98
35,Female,High School,Data Scientist,17,98298.85
51,Female,Bachelor's,Research Scientist,7,93588.13
40,Male,Master's,UX Designer,7,110297.53
32,Female,PhD,Financial Analyst,5,111768.44
33,Female,Master's,Director of Operations,8,103884.96
55,Male,Bachelor's,Software Developer,27,122407.08
38,Female,PhD,Director,5,119718.03
51,Male,Master's,Project Engineer,0,108563.71
46,Male,Bachelor's,VP of Operations,11,90780.52
35,Male,Bachelor's,Marketing Coordinator,12,98723.78
34,Male,Master's,UX Designer,3,97378.18
59,Male,Bachelor's,Data Scientist,31,166369.92
52,Male,PhD,Senior Scientist,25,196842.36
48,Female,PhD,Content Creator,26,164377.99
53,Male,Master's,Sales Manager,17,145387.59
49,Female,Bachelor's,UX Designer,22,134545.66
54,Male,High School,Operations Manager,18,105080.86
49,Male,Bachelor's,Content Creator,8,80904.76
40,Female,Master's,Engineer,5,93105.28
37,Female,High School,Receptionist,15,88658.81
42,Female,Master's,Software Engineer,15,116232.61
46,Female,Master's,Sales Director,13,105663.31
29,Male,Master's,IT Support,0,82369.42
26,Male,Master's,Business Analyst,4,85758.6
44,Female,Bachelor's,Sales Associate,19,125382.8
42,Female,Master's,Sales Manager,9,111769.88
39,Male,Bachelor's,Software Developer,2,78971.4
43,Female,Bachelor's,Web Developer,16,112993.43
38,Female,Bachelor's,Research Scientist,0,60688.85
53,Male,High School,UX Designer,15,82792.98
24,Female,Bachelor's,Project Engineer,1,58691.73
23,Male,Bachelor's,Senior Scientist,1,61447.81
40,Female,Master's,Sales Manager,9,109951.83
26,Male,Bachelor's,Software Developer,1,79804.56
26,Female,Master's,Graphic Designer,1,75199.22
47,Female,Bachelor's,Project Engineer,18,131367.06
38,Male,Bachelor's,Business Analyst,10,88308.19
54,Female,Bachelor's,Content Creator,18,104563.56
51,Male,Bachelor's,Content Creator,20,103162.15
53,Male,Master's,Receptionist,5,108908.42
60,Male,Master's,Senior Scientist,23,158610.51
61,Male,Master's,Account Manager,15,146196.89
28,Female,Bachelor's,UX Designer,0,65548.68
28,Female,Bachelor's,Sales Manager,0,55947.03
42,Female,High School,VP of Operations,3,55982.64
56,Female,Bachelor's,Marketing Analyst,10,111025.28
47,Female,Bachelor's,Financial Analyst,19,114518.09
26,Female,High School,Research Scientist,6,58464.85
40,Male,Master's,Marketing Coordinator,7,122860.17
40,Female,High School,Graphic Designer,9,66672.11
46,Female,High School,Director,17,103060.66
38,Female,High School,Director,7,70657.33
56,Female,Bachelor's,Financial Analyst,22,147162.56
51,Male,High School,Sales Director,27,135012.07
50,Female,Master's,HR Manager,3,101012.99
59,Male,PhD,Product Manager,4,127826.52
37,Female,Master's,Director,3,86053.16
31,Female,Bachelor's,Data Scientist,8,79901.43
42,Male,Master's,Data Scientist,10,121162.33
48,Female,Master's,HR Manager,7,108885.23
30,Female,PhD,Senior Scientist,2,119538.28
46,Female,PhD,Project Engineer,1,108734.43
54,Male,High School,Engineer,34,169803.05
59,Female,Master's,Marketing Manager,16,133595.18
39,Male,Bachelor's,Marketing Analyst,0,65682.84
59,Female,Master's,Project Engineer,16,134092.51
50,Female,Bachelor's,Business Analyst,0,64762.06
47,Female,Bachelor's,UX Designer,24,125175.92
51,Male,PhD,Marketing Analyst,3,112966.91
30,Female,Master's,Director of Operations,5,108214.3
64,Male,PhD,Director of Operations,16,154113.96
34,Male,Bachelor's,Director of Operations,9,86321.16
54,Female,Master's,Software Developer,0,92866.8
57,Male,Master's,Sales Associate,23,155640.39
34,Female,High School,Software Developer,8,52062.3
26,Male,Bachelor's,Receptionist,3,71448.45
28,Female,Bachelor's,Graphic Designer,2,77648.44
42,Female,PhD,Operations Manager,2,118101.77
58,Female,Bachelor's,Marketing Coordinator,28,155029.11
42,Male,PhD,Marketing Coordinator,2,117703.45
41,Male,Bachelor's,Graphic Designer,5,88666.56
24,Male,Bachelor's,VP of Operations,2,75900.43
59,Male,Master's,Financial Analyst,6,98860.17
46,Female,Bachelor's,Product Manager,5,92125.97
31,Male,Master's,Senior Manager,9,113816.85
28,Male,High School,Project Engineer,0,47657.5
33,Male,Bachelor's,Business Analyst,9,93736.07
27,Male,Bachelor's,IT Support,1,71856.75
23,Female,Bachelor's,Operations Manager,1,60069.54
31,Female,Bachelor's,Sales Associate,9,96138.05
26,Female,Bachelor's,Director of Operations,1,60505.89
27,Female,Bachelor's,VP of Operations,5,67845.03
47,Female,High School,Data Analyst,27,135713.27
22,Female,Bachelor's,VP of Operations,0,61027.03
31,Female,Bachelor's,Receptionist,3,61612.22
37,Male,PhD,Software Developer,15,154940.47
25,Female,Master's,Financial Analyst,2,82749.44
36,Female,Bachelor's,Senior Manager,11,105738.56
39,Male,Bachelor's,Sales Manager,15,100623.81
38,Male,Bachelor's,Marketing Coordinator,7,94622.81
33,Female,Bachelor's,UX Designer,3,80166.72
35,Male,Master's,UX Designer,8,110949.92
53,Male,Bachelor's,Operations Manager,9,91574.03
49,Female,Bachelor's,Graphic Designer,24,111623.97
59,Male,Bachelor's,Web Developer,22,140890.35
27,Female,Bachelor's,Content Creator,2,69599.51
53,Male,Master's,Account Manager,24,164101.86
60,Male,PhD,Sales Manager,36,185782.58
39,Male,High School,Sales Director,14,91151.71
39,Male,Bachelor's,Receptionist,13,91961.17
56,Female,Bachelor's,Director of Operations,30,179539.28
57,Female,Master's,Software Engineer,26,160483.45
38,Female,Master's,Sales Manager,14,131604.59
53,Male,Master's,Project Engineer,4,106799.56
61,Female,PhD,Web Developer,19,152064.97
57,Male,PhD,Content Creator,1,112198.76
56,Female,Master's,VP of Operations,1,94893.93
25,Female,Bachelor's,Marketing Manager,1,72205.92
55,Female,Bachelor's,Sales Manager,23,132466.22
25,Female,High School,UX Designer,1,47850.48
42,Male,High School,Sales Director,12,94754.39
59,Female,Bachelor's,Marketing Manager,7,86694.8
50,Male,Master's,Senior Manager,9,123799.53
57,Male,Bachelor's,Engineer,14,85634.7
32,Female,Bachelor's,UX Designer,9,75481.99
43,Male,Bachelor's,Sales Manager,15,125025.37
44,Female,Master's,Product Manager,5,113795.99
58,Male,Master's,Business Analyst,19,142449.6
53,Female,Bachelor's,Receptionist,30,158556.81
44,Male,Bachelor's,UX Designer,16,112360.54
34,Male,Master's,Business Analyst,11,107230.7
51,Female,Bachelor's,Data Analyst,3,79497.81
33,Female,Bachelor's,Marketing Coordinator,4,80838.06
56,Male,Bachelor's,Senior Manager,10,97321.31
29,Female,High School,Financial Analyst,2,62179.6
29,Male,PhD,Director of Operations,6,119179.66
40,Female,Master's,Data Scientist,17,136497.78
26,Male,High School,Sales Director,4,53073.77
61,Female,PhD,Director,18,152592.51
55,Female,Bachelor's,Software Developer,33,150808.25
35,Female,Bachelor's,Financial Analyst,7,81734.9
33,Male,Bachelor's,Marketing Coordinator,9,84335.9
45,Male,Master's,Receptionist,0,94059.38
52,Female,Master's,Director of Operations,20,133221.39
41,Female,Bachelor's,Director,1,68063.8
45,Male,High School,IT Support,21,95870.22
25,Female,Bachelor's,UX Designer,0,64789.53
31,Female,Bachelor's,Graphic Designer,0,69994.24
44,Female,Master's,Senior Scientist,22,166939.62
59,Male,Master's,Marketing Coordinator,28,162414.06
34,Male,Master's,UX Designer,3,91804.65
52,Female,Bachelor's,Business Analyst,27,136804.8
53,Female,Bachelor's,UX Designer,29,162780.16
57,Female,Bachelor's,Director,29,137376.71
27,Female,High School,Data Analyst,3,49575.0
31,Female,Bachelor's,Business Analyst,8,77601.56
28,Female,High School,UX Designer,4,57053.63
43,Female,Bachelor's,UX Designer,15,99558.71
56,Female,Master's,Project Engineer,12,130584.06
49,Male,Bachelor's,Graphic Designer,10,117438.79
60,Female,Master's,Senior Scientist,22,139358.7
46,Female,Master's,Operations Manager,10,99531.92
22,Female,High School,Content Creator,0,44903.28
31,Female,Master's,Web Developer,9,118231.37
42,Male,Bachelor's,Graphic Designer,20,144088.16
40,Male,Bachelor's,Sales Manager,17,98912.48
41,Male,Master's,Data Scientist,12,114920.74
53,Female,PhD,HR Manager,15,144938.46
45,Female,Master's,UX Designer,4,106121.72
39,Male,PhD,Sales Associate,15,149983.73
52,Female,Master's,Data Scientist,30,188573.65
37,Male,Bachelor's,Data Scientist,2,79281.9
64,Male,PhD,VP of Operations,14,171061.0
35,Female,Master's,VP of Operations,2,95975.66
52,Male,Master's,Software Engineer,21,133647.89
39,Male,Bachelor's,Web Developer,4,87435.13
46,Male,Master's,UX Designer,24,154370.21
56,Male,Bachelor's,Content Creator,26,124662.6
29,Female,Bachelor's,Director of Operations,7,92833.1
36,Male,Bachelor's,VP of Operations,4,71470.43
57,Male,Bachelor's,Operations Manager,6,87421.06
39,Male,PhD,Marketing Manager,16,136789.41
33,Male,Bachelor's,Account Manager,1,70422.1
54,Male,Bachelor's,HR Manager,14,103518.07
39,Male,PhD,Data Analyst,6,121752.29
27,Male,High School,Software Developer,6,52282.55
61,Female,Master's,UX Designer,32,162937.45
50,Female,Bachelor's,Engineer,21,134937.94
25,Male,High School,Director of Operations,3,48814.29
23,Female,Bachelor's,Sales Associate,0,59343.32
24,Female,Bachelor's,Marketing Manager,0,72038.29
40,Male,High School,Data Scientist,10,72839.13
50,Female,Bachelor's,Data Scientist,17,111090.65
28,Female,Master's,Operations Manager,2,91551.44
55,Male,Master's,Senior Manager,21,160309.33
29,Female,Bachelor's,Director,5,68929.16
40,Male,Bachelor's,Sales Associate,18,111671.63
28,Female,Bachelor's,Business Analyst,6,88842.05
23,Male,Bachelor's,Project Engineer,0,56856.03
32,Female,Bachelor's,Marketing Manager,0,68819.12
50,Male,Master's,Web Developer,26,148411.45
55,Female,Master's,HR Manager,22,147899.98
32,Female,Bachelor's,Director,7,81434.45
22,Female,Bachelor's,Business Analyst,0,66065.25
27,Male,Bachelor's,Senior Scientist,0,74221.03
50,Female,Master's,Financial Analyst,11,127616.24
37,Male,Master's,Sales Director,9,100787.45
31,Male,Master's,Sales Manager,9,108397.58
54,Male,Bachelor's,UX Designer,17,111322.53
26,Female,High School,UX Designer,7,55743.38
25,Female,High School,Senior Scientist,1,48734.71
45,Female,Master's,Product Manager,2,86742.74
52,Male,PhD,Sales Director,17,164279.18
49,Female,Bachelor's,Account Manager,9,89699.78
31,Female,High School,Project Engineer,1,50274.08
22,Female,Bachelor's,Marketing Coordinator,0,56523.82
28,Male,Bachelor's,IT Support,0,61893.08
38,Male,Bachelor's,Operations Manager,10,101686.65
39,Female,Master's,Data Scientist,0,100230.26
39,Female,Master's,UX Designer,14,123956.9
46,Male,Bachelor's,Graphic Designer,21,139512.4
47,Male,High School,Marketing Analyst,23,118738.81
59,Female,Bachelor's,Marketing Analyst,17,119303.57
26,Female,High School,Software Developer,7,58013.28
22,Female,Bachelor's,Project Engineer,0,58011.21
49,Female,Bachelor's,Account Manager,15,94385.77
54,Male,Master's,Software Engineer,4,102671.38
38,Female,Bachelor's,Product Manager,7,82837.57
40,Male,Bachelor's,Director,0,73401.34
54,Female,PhD,Research Scientist,28,198008.48
47,Female,Bachelor's,Financial Analyst,20,139835.62
39,Male,Master's,UX Designer,14,141736.12
38,Male,Bachelor's,Operations Manager,14,108771.68
45,Female,Master's,Sales Director,10,117345.03
46,Male,Bachelor's,UX Designer,24,128711.43
57,Female,Master's,Data Scientist,6,110982.04
31,Female,Master's,Business Analyst,9,102134.16
33,Male,PhD,Senior Manager,0,104393.17
44,Male,High School,Director of Operations,26,110195.54
31,Female,Master's,Data Scientist,2,86768.32
50,Female,Master's,Data Analyst,5,120323.18
39,Male,PhD,Director of Operations,10,126430.89
43,Female,Master's,Director of Operations,9,112985.31
34,Female,PhD,Marketing Manager,1,122295.69
54,Male,Master's,Director,22,164381.03
45,Female,Master's,Graphic Designer,19,148471.28
27,Male,Master's,Data Scientist,3,94103.27
44,Female,PhD,Project Engineer,1,114822.89
43,Female,High School,Sales Associate,24,95632.34
57,Male,Bachelor's,Product Manager,32,167060.45
45,Female,Master's,Senior Scientist,9,116391.24
49,Male,Bachelor's,Account Manager,13,102157.61
27,Female,High School,Director,1,47788.64
38,Male,Master's,Research Scientist,6,103580.53
33,Female,High School,Graphic Designer,8,59299.02
44,Male,Bachelor's,HR Manager,3,72411.11
48,Female,Master's,Data Scientist,17,139850.79
58,Male,Bachelor's,Web Developer,33,174593.38
41,Male,PhD,Marketing Manager,1,100485.25
30,Male,Bachelor's,Research Scientist,6,75684.41
48,Female,High School,Director,21,133448.38
46,Male,Bachelor's,Web Developer,4,80790.71
53,Male,Bachelor's,Research Scientist,27,156640.04
54,Male,Bachelor's,Product Manager,11,103261.69
46,Male,Bachelor's,Marketing Coordinator,19,122801.07
31,Female,High School,UX Designer,13,81404.47
58,Male,PhD,Engineer,0,115106.48
28,Male,High School,Project Engineer,6,57511.01
25,Female,High School,Business Analyst,2,51866.68
41,Male,Master's,Web Developer,6,108322.0
27,Female,Bachelor's,Senior Manager,5,77853.73
35,Female,PhD,Project Engineer,13,151880.75
31,Male,Bachelor's,Marketing Manager,6,77500.44
35,Male,Bachelor's,Research Scientist,0,66305.87
61,Female,Master's,Senior Manager,22,146947.42
46,Female,High School,Marketing Analyst,13,88353.63
59,Male,Master's,Research Scientist,19,129340.68
46,Female,Bachelor's,VP of Operations,15,107522.48
52,Female,Bachelor's,Financial Analyst,11,101403.48
55,Male,Master's,Data Scientist,30,201329.3
30,Female,Master's,Financial Analyst,8,97737.93
39,Male,High School,Operations Manager,14,83587.24
26,Female,High School,Director,8,61510.84
60,Male,PhD,UX Designer,20,159310.16
55,Female,Master's,Graphic Designer,22,163737.14
52,Female,Bachelor's,Data Scientist,24,137454.37
39,Female,Master's,Graphic Designer,6,102199.02
43,Female,High School,Engineer,5,57606.78
53,Male,Master's,Sales Director,7,118252.31
50,Male,Master's,Sales Director,13,114231.72
57,Female,Bachelor's,Product Manager,30,179199.89
30,Male,High School,Receptionist,9,79990.26
45,Male,High School,Sales Director,27,136945.61
29,Male,PhD,Sales Director,4,118142.23
33,Female,Bachelor's,IT Support,3,80115.91
52,Male,Bachelor's,Account Manager,15,120305.81
50,Male,High School,Project Engineer,27,135812.56
41,Male,Master's,Research Scientist,0,85249.9
57,Male,Bachelor's,Data Analyst,2,68946.2
32,Male,Bachelor's,Business Analyst,10,99172.38
44,Male,Bachelor's,Operations Manager,13,90594.05
46,Male,Bachelor's,Senior Scientist,23,111764.33
43,Female,High School,Financial Analyst,6,75664.22
62,Male,PhD,Director,40,227477.26
34,Female,PhD,Sales Director,1,112905.93
23,Male,Bachelor's,Product Manager,1,66651.26
38,Female,Bachelor's,Marketing Manager,4,80389.02
37,Female,PhD,Senior Manager,11,140308.53
46,Female,Bachelor's,Sales Manager,16,127979.34
46,Female,High School,Project Engineer,13,70859.51
40,Female,Master's,Director,11,112530.81
40,Male,Bachelor's,IT Support,15,121165.56
44,Female,Master's,Sales Director,17,122099.15
32,Male,Master's,Senior Scientist,4,95289.51
41,Male,Bachelor's,Marketing Manager,14,91862.99
52,Female,PhD,Web Developer,24,201476.55
42,Male,Bachelor's,Receptionist,9,97128.98
58,Female,Bachelor's,Web Developer,2,78674.44
48,Female,High School,Data Scientist,10,73159.53
43,Male,Bachelor's,Account Manager,12,102906.44
37,Male,Bachelor's,IT Support,2,67644.15
54,Male,High School,Director,27,106456.42
54,Male,Bachelor's,Project Engineer,12,120757.91
28,Male,PhD,Graphic Designer,3,103760.46
32,Male,Bachelor's,Director of Operations,4,79860.69
53,Female,Bachelor's,Engineer,25,158657.07
47,Female,Master's,IT Support,0,83662.64
29,Male,Master's,Sales Associate,6,96064.64
59,Male,PhD,Marketing Analyst,27,160632.92
50,Female,Master's,Marketing Coordinator,23,157578.26
52,Male,Master's,Research Scientist,0,86454.04
43,Female,Master's,Sales Associate,14,109452.36
39,Female,High School,Marketing Coordinator,21,102027.8
33,Female,Bachelor's,HR Manager,10,96024.53
34,Female,Master's,Marketing Manager,10,113699.51
39,Male,Bachelor's,Content Creator,2,82242.42
36,Female,Bachelor's,Marketing Coordinator,3,87308.78
47,Male,Master's,Receptionist,8,116492.79
35,Male,Master's,Sales Director,12,124101.7
34,Male,High School,Director,7,70370.21
50,Female,High School,Product Manager,11,81898.58
36,Female,Master's,Operations Manager,11,116753.66
40,Female,Master's,Graphic Designer,7,96502.14
30,Male,Master's,Director of Operations,3,97295.55
45,Female,Bachelor's,Software Developer,19,113671.06
25,Male,Bachelor's,Sales Manager,2,75140.73
42,Female,Bachelor's,Marketing Analyst,4,78232.2
43,Male,Bachelor's,Content Creator,1,73215.38
34,Male,High School,Research Scientist,11,66082.36
23,Male,High School,Product Manager,0,46204.04
48,Male,Master's,Content Creator,26,138884.0
60,Male,Master's,Web Developer,7,108199.96
26,Female,Bachelor's,Financial Analyst,1,62476.94
38,Female,Master's,Senior Manager,9,111131.72
22,Female,High School,Director of Operations,1,38068.62
37,Female,Bachelor's,Senior Manager,7,82596.57
29,Female,Master's,UX Designer,3,87017.86
38,Female,PhD,Engineer,9,138082.69
36,Male,High School,Director,9,72809.27
57,Female,Master's,Product Manager,3,94143.33
35,Male,PhD,Receptionist,5,118143.8
57,Female,Master's,Product Manager,0,105368.48
33,Female,Master's,Marketing Manager,2,94025.9
25,Male,Bachelor's,Data Scientist,1,64971.84
59,Male,Master's,Software Developer,10,136039.45
43,Male,PhD,Sales Associate,4,121775.89
37,Female,Bachelor's,Product Manager,0,66996.11
46,Female,Bachelor's,Research Scientist,14,101788.97
35,Female,High School,HR Manager,7,66766.51
49,Male,PhD,Operations Manager,10,134821.12
37,Female,Master's,Marketing Manager,9,107225.23
27,Male,Bachelor's,Director,5,76862.36
43,Male,Bachelor's,Product Manager,3,82006.12
51,Female,Bachelor's,Director of Operations,6,98874.61
35,Female,High School,Sales Director,5,62223.58
48,Male,Master's,Operations Manager,11,123431.08
37,Male,Bachelor's,HR Manager,3,71199.66
44,Female,Bachelor's,Project Engineer,9,93212.7
54,Male,PhD,Receptionist,32,204247.24
46,Female,Bachelor's,Director of Operations,10,97823.2
28,Male,High School,Web Developer,6,62271.05
61,Female,Master's,Software Developer,3,102729.44
24,Female,Bachelor's,Marketing Manager,2,66597.2
52,Male,PhD,Marketing Analyst,17,138802.32
32,Male,Bachelor's,Software Engineer,8,90749.22
40,Female,Master's,HR Manager,12,122982.37
55,Male,Master's,Marketing Manager,13,121489.95
60,Female,PhD,Web Developer,2,125880.37
37,Male,PhD,HR Manager,14,156568.22
42,Female,Bachelor's,Research Scientist,17,122373.02
39,Female,Master's,Product Manager,14,124404.5
37,Male,Bachelor's,Data Analyst,7,99061.64
33,Female,Bachelor's,HR Manager,7,95324.99
23,Female,Bachelor's,Web Developer,0,66000.03
54,Female,Master's,Data Analyst,9,117034.21
24,Male,Bachelor's,Director,2,62402.56
56,Male,Master's,Software Engineer,11,118257.3
36,Male,Bachelor's,UX Designer,1,76306.26
29,Female,Bachelor's,HR Manager,4,69303.97
35,Male,Bachelor's,HR Manager,11,96149.09
36,Male,Bachelor's,Project Engineer,1,72542.29
59,Female,Master's,Senior Manager,8,130970.23
31,Female,Master's,Graphic Designer,5,94959.72
37,Female,High School,Account Manager,16,90311.47
53,Female,Master's,Software Engineer,19,155977.48
33,Male,PhD,HR Manager,5,128623.75
56,Male,Bachelor's,Business Analyst,1,79604.29
30,Female,Master's,UX Designer,1,88206.51
50,Female,Bachelor's,Marketing Manager,19,108376.41
59,Male,Master's,HR Manager,26,174654.59
53,Male,Master's,Sales Manager,17,147076.41
36,Female,Master's,Software Engineer,7,105667.67
50,Male,High School,Software Developer,12,95752.14
35,Male,Bachelor's,Content Creator,7,84411.86
54,Male,Master's,Content Creator,9,125888.93
48,Male,Bachelor's,Data Scientist,19,121783.95
58,Male,Master's,Graphic Designer,4,110097.19
42,Male,Bachelor's,Software Engineer,14,112332.68
42,Female,Bachelor's,Account Manager,9,90834.21
49,Male,Bachelor's,Director,26,174820.77
54,Female,Master's,Product Manager,18,150473.31
32,Female,Bachelor's,Senior Manager,3,67949.55
43,Female,Bachelor's,VP of Operations,10,97620.68
44,Female,Bachelor's,Product Manager,22,126576.05
59,Male,Master's,Software Developer,36,173414.22
25,Male,Bachelor's,Director,3,64356.54
26,Female,Bachelor's,Sales Manager,0,56673.24
36,Male,Master's,Marketing Analyst,13,131503.47
47,Female,Bachelor's,Sales Associate,0,79318.05
44,Female,Bachelor's,Content Creator,4,84044.93
51,Female,Bachelor's,Engineer,10,109756.56
32,Male,Master's,Project Engineer,7,99065.66
24,Female,High School,Receptionist,4,48900.09
53,Male,Bachelor's,Operations Manager,20,136051.59
32,Female,Master's,Research Scientist,7,125537.90
50,Male,High School,VP of Operations,28,171599.96
46,Female,High School,Product Manager,20,139786.65
53,Male,Bachelor's,Marketing Coordinator,28,154309.50
60,Male,PhD,Marketing Manager,38,225485.93
38,Male,High School,Sales Manager,10,104673.02
27,Male,Master's,Sales Manager,5,112865.17
52,Female,PhD,Senior Scientist,27,213805.61
46,Male,High School,Marketing Coordinator,19,104961.46
59,Female,PhD,Director,32,250147.53
25,Male,PhD,Software Engineer,1,119957.81
43,Male,High School,Sales Manager,16,115252.92
34,Female,Bachelor's,Web Developer,6,91804.28
50,Female,Master's,IT Support,28,163886.83
39,Female,Master's,Sales Associate,11,109213.55
40,Male,PhD,Content Creator,17,144910.72
48,Female,High School,Software Developer,26,142712.25
50,Female,Master's,UX Designer,24,159429.61
31,Male,Bachelor's,IT Support,4,81201.31
60,Female,PhD,Financial Analyst,36,216514.96
23,Male,Bachelor's,Senior Manager,0,92580.52
42,Male,Bachelor's,Marketing Manager,14,128089.44
37,Female,High School,Product Manager,14,122440.79
33,Male,High School,Senior Manager,9,105550.07
54,Female,High School,Senior Manager,30,165258.37
42,Male,High School,Engineer,15,111853.41
42,Female,High School,Operations Manager,14,115553.78
44,Female,High School,Business Analyst,19,107699.06
22,Female,High School,Product Manager,0,83502.26
59,Male,PhD,Graphic Designer,36,200393.58
43,Male,Master's,Operations Manager,18,158059.71
32,Male,Bachelor's,Sales Manager,10,116024.08
38,Female,PhD,Financial Analyst,16,153578.13
25,Female,Master's,Graphic Designer,1,89095.11
49,Male,PhD,Data Analyst,26,182993.81
48,Male,Master's,Product Manager,25,193096.43
24,Male,PhD,Software Developer,0,114670.47
42,Male,Master's,HR Manager,20,151291.55
31,Female,PhD,Project Engineer,3,122665.60
30,Male,PhD,Graphic Designer,7,122644.68
37,Male,PhD,Senior Scientist,10,168518.07
38,Male,Master's,Marketing Analyst,15,132394.61
29,Female,PhD,Financial Analyst,3,119148.66
50,Female,Bachelor's,Business Analyst,24,136673.49
43,Female,PhD,Web Developer,20,158462.96
58,Female,PhD,IT Support,34,197286.22
33,Female,Bachelor's,Financial Analyst,8,96770.43
36,Female,High School,Sales Associate,13,84535.39
56,Female,Bachelor's,UX Designer,34,171837.16
37,Female,Master's,Software Developer,9,120375.73
51,Female,High School,VP of Operations,28,171916.03
23,Female,PhD,Marketing Coordinator,0,97045.59
47,Male,Master's,Director,23,208759.47
33,Female,High School,Web Developer,10,84890.89
39,Female,Master's,Director of Operations,14,174029.63
53,Female,Master's,VP of Operations,29,211542.90
31,Female,Bachelor's,UX Designer,3,90936.13
50,Female,Bachelor's,Financial Analyst,27,152297.73
47,Female,High School,Sales Associate,21,110279.55
38,Male,Master's,Software Engineer,13,140821.55
33,Male,Master's,Director,8,164644.74
41,Female,Master's,Product Manager,18,171168.28
39,Male,PhD,Graphic Designer,16,144584.31
25,Female,High School,IT Support,0,52725.36
59,Female,PhD,Data Scientist,34,222172.31
32,Male,Master's,Sales Director,6,133885.63
43,Female,High School,Product Manager,16,129413.05
36,Male,High School,UX Designer,13,103944.70
38,Male,Bachelor's,UX Designer,11,108204.64
25,Male,PhD,Sales Director,0,136130.01
57,Female,Master's,Data Analyst,30,173331.71
56,Male,High School,Sales Manager,29,153222.36
44,Female,Master's,HR Manager,22,147991.31
37,Male,High School,Data Scientist,13,119303.91
35,Female,PhD,Software Engineer,13,154758.35
23,Male,Master's,Operations Manager,0,106634.51
38,Female,Bachelor's,VP of Operations,11,146309.16
37,Female,High School,Data Analyst,15,105459.80
52,Female,PhD,Director,30,242875.33
38,Female,High School,IT Support,14,91874.46
30,Male,High School,Marketing Analyst,2,59718.18
55,Female,High School,Senior Manager,27,163103.01
39,Female,PhD,Operations Manager,17,165740.95
27,Male,Bachelor's,Operations Manager,0,95172.60
31,Male,PhD,Business Analyst,4,118647.66
55,Female,Bachelor's,Marketing Analyst,33,163279.94
40,Male,Bachelor's,Marketing Coordinator,18,117088.21
60,Male,High School,VP of Operations,36,200268.01
42,Female,PhD,Senior Manager,19,179581.79
47,Male,PhD,HR Manager,25,182696.14
59,Female,Master's,Senior Manager,31,205657.91
45,Male,High School,Senior Manager,18,137994.26
44,Female,Master's,Content Creator,16,123471.10
29,Male,PhD,Marketing Analyst,2,113669.39
23,Female,Bachelor's,Marketing Coordinator,0,69323.20
51,Female,High School,Business Analyst,28,134702.79
25,Female,High School,Senior Scientist,0,87715.74
26,Male,High School,Data Analyst,0,56334.66
25,Male,PhD,HR Manager,0,102364.94
51,Male,High School,Data Scientist,28,163172.87
57,Female,PhD,Sales Director,35,236067.82
27,Male,High School,Sales Director,4,97837.82
43,Male,Bachelor's,Account Manager,19,125874.68
59,Female,PhD,Software Engineer,36,222671.22
55,Male,Bachelor's,Sales Associate,29,154073.77
31,Female,PhD,UX Designer,5,122319.71
57,Female,PhD,Marketing Manager,32,207603.12
26,Male,Bachelor's,Marketing Manager,1,85452.46
55,Female,Bachelor's,Content Creator,33,156488.97
55,Female,Master's,UX Designer,27,168224.93
46,Male,High School,Sales Manager,22,129046.13
42,Female,High School,Graphic Designer,15,100665.67
39,Male,Master's,UX Designer,16,135546.93
35,Male,High School,IT Support,12,83859.27
58,Female,High School,Account Manager,31,140945.16
42,Female,PhD,Business Analyst,18,156217.15
54,Female,PhD,Operations Manager,32,212820.19
46,Female,High School,VP of Operations,24,164987.76
54,Male,Bachelor's,Marketing Coordinator,31,154469.31
59,Female,PhD,Marketing Coordinator,32,194130.31
46,Female,High School,Director of Operations,23,162371.55
49,Male,Master's,Senior Scientist,24,191257.44
45,Female,Bachelor's,Senior Manager,19,152674.76
59,Male,PhD,Sales Manager,37,220929.72
36,Female,Bachelor's,Project Engineer,9,108209.70
42,Female,PhD,Software Developer,19,165637.42
27,Female,High School,Marketing Coordinator,2,58767.89
53,Male,High School,Data Analyst,25,138645.48
55,Male,Master's,Operations Manager,32,200050.33
52,Female,High School,IT Support,29,137469.24
29,Female,Master's,Financial Analyst,3,100079.52
26,Male,Master's,Software Engineer,2,108745.44
22,Female,Master's,Software Developer,0,97378.01
28,Male,Master's,Senior Scientist,1,124094.31
57,Female,Master's,Director of Operations,34,230230.52
42,Female,High School,Content Creator,15,97241.28
31,Female,PhD,UX Designer,9,131961.16
55,Female,Bachelor's,Senior Scientist,31,195821.27
52,Female,Master's,IT Support,27,158620.35
30,Male,Master's,IT Support,2,92174.78
60,Male,Bachelor's,Product Manager,33,197347.86
45,Female,High School,Receptionist,22,102277.14
46,Male,Master's,HR Manager,23,156605.22
26,Female,Master's,Software Engineer,2,111401.40
41,Female,Master's,Account Manager,15,128350.45
32,Female,PhD,Content Creator,9,125164.02
31,Female,High School,Financial Analyst,4,77407.29
37,Female,Bachelor's,Receptionist,13,88553.96
38,Male,PhD,Marketing Manager,11,152413.24
51,Male,High School,Receptionist,28,124675.75
43,Male,Master's,Senior Manager,19,171105.04
33,Female,Bachelor's,Marketing Analyst,11,102533.12
41,Female,Master's,VP of Operations,17,176340.63
44,Female,Master's,Financial Analyst,16,138148.11
57,Female,PhD,Software Engineer,31,214096.98
39,Female,Master's,Graphic Designer,11,120268.44
23,Female,Master's,Project Engineer,0,97092.95
35,Female,High School,Sales Director,11,115781.56
27,Female,High School,Marketing Coordinator,1,57911.28
49,Male,Bachelor's,Senior Scientist,24,171829.29
37,Male,Master's,Data Scientist,11,140984.15
53,Female,PhD,Sales Director,31,220267.19
30,Female,Bachelor's,Director of Operations,7,133498.28
51,Female,Bachelor's,Marketing Analyst,29,153715.78
33,Female,PhD,Director,5,165867.38
28,Male,High School,IT Support,1,48659.43
45,Male,PhD,Project Engineer,18,169253.57
59,Male,PhD,Director of Operations,33,242478.36
46,Female,Master's,UX Designer,21,154004.90
32,Female,PhD,HR Manager,10,130451.65
30,Female,Master's,Operations Manager,2,113936.14
42,Female,PhD,Marketing Analyst,15,147988.71
60,Female,High School,Web Developer,34,159513.33
29,Male,High School,Sales Manager,6,83776.94
30,Male,PhD,Software Engineer,3,133622.06
28,Female,High School,IT Support,1,50326.19
55,Male,Master's,Marketing Coordinator,32,178506.75
36,Female,Master's,Data Analyst,9,111784.60
32,Male,High School,Product Manager,8,104571.43
35,Female,Bachelor's,Operations Manager,12,121827.02
27,Male,Bachelor's,UX Designer,0,83763.25
41,Male,Bachelor's,Marketing Analyst,14,113950.64
26,Male,PhD,Research Scientist,1,133371.41
31,Female,Master's,Account Manager,4,94267.70
59,Male,Master's,Engineer,31,185284.33
55,Male,Master's,Content Creator,33,174603.55
47,Male,High School,Data Analyst,19,115171.54
26,Male,Bachelor's,Web Developer,4,82116.53
44,Male,Bachelor's,Software Engineer,21,153814.09
39,Male,PhD,Engineer,17,163232.48
57,Female,Master's,Web Developer,29,179410.23
28,Female,PhD,Sales Director,4,148962.01
28,Female,Bachelor's,Senior Scientist,0,101729.80
27,Female,High School,Product Manager,3,86800.56
23,Male,PhD,Product Manager,0,132455.05
47,Male,Bachelor's,UX Designer,22,141588.00
22,Female,PhD,Sales Manager,0,111151.90
27,Female,High School,Data Analyst,2,64075.22
44,Male,PhD,UX Designer,18,167429.54
43,Female,PhD,HR Manager,18,157056.62
51,Female,High School,Web Developer,26,131966.45
25,Female,Master's,Operations Manager,3,115034.60
36,Male,High School,HR Manager,10,87545.55
43,Male,PhD,Software Engineer,15,163434.63
47,Male,PhD,Sales Associate,21,162054.14
31,Female,PhD,Project Engineer,4,127636.61
50,Female,Master's,Senior Scientist,23,183737.23
35,Male,PhD,Senior Manager,11,154918.07
41,Female,Master's,Content Creator,13,118911.07
35,Male,High School,Account Manager,12,85912.77
49,Female,Bachelor's,Director,26,198991.99
41,Male,Master's,Marketing Coordinator,14,129054.54
57,Female,Master's,Marketing Manager,31,194419.68
42,Female,High School,Marketing Analyst,14,95426.36
60,Female,PhD,Data Analyst,33,203330.12
26,Male,Bachelor's,Research Scientist,0,96081.67
55,Female,High School,Sales Director,31,183047.28
42,Female,Master's,Marketing Coordinator,14,124960.54
57,Female,PhD,Financial Analyst,34,207849.44
35,Female,PhD,Software Engineer,8,144518.61
40,Male,High School,Research Scientist,12,114402.82
46,Male,Bachelor's,Web Developer,23,142518.48
40,Male,Master's,Web Developer,18,145697.07
52,Female,Bachelor's,Data Analyst,29,160476.76
50,Female,Master's,Web Developer,23,157356.35
23,Male,High School,HR Manager,0,58560.30
25,Female,Bachelor's,Sales Manager,0,81548.23
36,Female,Bachelor's,Sales Manager,11,120199.98
35,Female,PhD,Web Developer,9,132142.23
58,Female,Master's,IT Support,34,174731.00
53,Female,Bachelor's,Financial Analyst,30,166553.42
38,Female,Bachelor's,Content Creator,13,101684.48
48,Male,PhD,Financial Analyst,22,173600.36
59,Female,PhD,Marketing Coordinator,33,194745.93
23,Male,PhD,Graphic Designer,0,99689.36
42,Male,Bachelor's,HR Manager,19,133147.21
32,Male,Master's,Receptionist,5,87273.03
32,Female,PhD,Software Developer,7,127682.16
23,Female,High School,Marketing Analyst,0,53935.59
30,Male,High School,Research Scientist,2,90707.60
42,Female,Master's,UX Designer,14,133650.92
50,Female,PhD,Director,22,218177.81
24,Male,Master's,Data Analyst,2,94578.94
57,Male,Bachelor's,Senior Scientist,29,193038.98
25,Male,PhD,Marketing Analyst,1,102952.13
38,Male,Master's,UX Designer,16,135527.43
44,Female,Master's,Marketing Manager,16,146658.47
56,Male,High School,HR Manager,29,148119.40
57,Male,PhD,Marketing Coordinator,34,200366.62
43,Male,Master's,Marketing Coordinator,16,133845.02
57,Female,Master's,Data Analyst,32,185609.26
54,Female,High School,IT Support,29,128822.24
32,Female,Master's,Project Engineer,7,119041.63
60,Male,High School,Content Creator,35,151519.54
51,Female,High School,Operations Manager,27,156460.04
56,Female,High School,Marketing Coordinator,31,145359.83
34,Female,Bachelor's,Software Engineer,9,116977.29
49,Female,PhD,Engineer,25,185772.70
29,Female,PhD,Business Analyst,4,116791.06
22,Male,Bachelor's,Data Analyst,0,77042.01
36,Female,PhD,HR Manager,13,142703.93
42,Female,Bachelor's,Financial Analyst,18,130865.47
24,Male,High School,Data Analyst,0,62068.89
47,Female,High School,Research Scientist,20,137763.43
51,Female,Bachelor's,Marketing Coordinator,28,149995.33
46,Male,Bachelor's,Data Analyst,24,145126.77
56,Female,PhD,Director,32,252723.17
30,Male,Master's,Marketing Analyst,8,106254.84
38,Male,High School,IT Support,15,97506.32
39,Male,PhD,Account Manager,13,139193.51
39,Female,High School,HR Manager,16,103007.96
57,Female,PhD,Data Analyst,29,188900.01
53,Female,PhD,HR Manager,29,188063.81
30,Female,Bachelor's,Marketing Analyst,2,77482.25
42,Female,PhD,Sales Manager,14,160114.60
29,Male,High School,Receptionist,5,50927.75
30,Female,High School,Research Scientist,7,94104.82
24,Female,High School,Content Creator,2,52411.99
42,Male,Bachelor's,IT Support,15,107282.42
37,Male,High School,Director,15,152577.70
50,Male,Bachelor's,Software Developer,24,157767.99
26,Female,Master's,Data Scientist,3,119106.27
45,Male,Bachelor's,Business Analyst,18,128122.73
59,Female,High School,Software Developer,36,168752.27
32,Female,PhD,Operations Manager,7,136638.34
43,Female,Master's,Marketing Coordinator,18,134088.53
39,Male,High School,Operations Manager,14,116505.91
40,Male,Master's,Marketing Analyst,14,130760.57
43,Male,Bachelor's,Marketing Coordinator,21,130198.92
34,Male,Master's,Marketing Manager,9,130700.20
48,Female,PhD,Business Analyst,23,171234.90
47,Male,High School,Senior Manager,24,150207.10
40,Female,Bachelor's,Software Developer,14,126200.35
25,Female,PhD,HR Manager,0,104589.99
37,Female,Master's,Research Scientist,11,141131.68
33,Male,High School,Sales Manager,6,90603.14
32,Male,Bachelor's,Research Scientist,7,116368.60
42,Female,PhD,Product Manager,14,174843.68
33,Male,Bachelor's,Data Analyst,11,103073.03
36,Female,Master's,Sales Manager,13,134137.70
42,Male,Master's,Business Analyst,19,141125.13
45,Female,PhD,Business Analyst,18,153918.93
23,Male,High School,Business Analyst,0,54721.10
35,Male,Master's,Software Developer,11,132896.36
35,Female,PhD,VP of Operations,12,174297.75
34,Male,High School,VP of Operations,8,121995.86
34,Male,Bachelor's,Product Manager,10,134148.33
47,Male,Master's,HR Manager,23,158667.53
56,Female,Master's,Financial Analyst,32,187014.32
40,Male,PhD,Senior Scientist,16,185631.95
60,Male,High School,VP of Operations,34,191182.30
57,Female,Bachelor's,Account Manager,35,169598.10
52,Male,High School,HR Manager,28,144474.78
43,Male,PhD,Content Creator,15,141727.05
36,Female,Master's,Content Creator,12,115749.52
47,Male,Master's,Senior Manager,19,168456.19
60,Male,PhD,Operations Manager,35,228790.32
28,Male,PhD,HR Manager,6,119588.75
44,Male,High School,Graphic Designer,17,103303.36
41,Male,Master's,Sales Manager,15,147795.61
56,Male,Bachelor's,Content Creator,30,153722.97
48,Female,PhD,Graphic Designer,23,165980.02
58,Female,Master's,Sales Associate,31,175667.99
47,Female,Bachelor's,Marketing Coordinator,20,121819.17
46,Female,Bachelor's,Engineer,20,140736.64
45,Male,PhD,IT Support,20,150692.12
47,Female,PhD,Graphic Designer,22,158162.16
38,Male,Bachelor's,Account Manager,10,103060.30
40,Male,Bachelor's,Sales Associate,13,106837.56
42,Female,Master's,Senior Manager,14,146807.90
25,Male,Master's,Sales Manager,2,108830.50
31,Male,Master's,Sales Manager,7,116593.58
38,Male,Master's,Sales Manager,12,132243.54
56,Male,High School,Web Developer,34,157621.04
51,Male,PhD,Data Analyst,27,186230.37
42,Male,Master's,Research Scientist,19,163499.43
37,Female,High School,Business Analyst,15,103042.28
31,Male,Master's,Marketing Coordinator,5,96700.36
43,Male,Bachelor's,Senior Scientist,18,153392.39
38,Female,High School,Project Engineer,15,107757.17
27,Male,Bachelor's,Marketing Coordinator,4,73627.49
30,Female,High School,Data Scientist,4,90643.06
26,Female,Bachelor's,Senior Manager,2,100101.82
57,Female,High School,Business Analyst,31,144587.95
35,Female,Master's,Software Developer,10,122348.98
36,Male,PhD,Account Manager,14,141254.41
33,Female,PhD,Senior Manager,6,138713.92
58,Female,PhD,Marketing Manager,33,214724.00
55,Male,Bachelor's,Business Analyst,31,160654.48
36,Male,Bachelor's,Content Creator,10,94062.26
57,Male,PhD,Data Scientist,32,219170.15
54,Male,Master's,Senior Manager,30,195732.28
33,Male,PhD,Project Engineer,11,145695.71
48,Female,Bachelor's,Account Manager,22,128708.76
46,Male,High School,Director of Operations,19,158815.70
31,Female,Master's,Financial Analyst,9,120863.96
22,Female,High School,Financial Analyst,0,63676.24
57,Female,PhD,Data Analyst,30,190542.63
29,Male,Master's,Engineer,1,96591.90
54,Male,Master's,Graphic Designer,32,181016.20
41,Male,Bachelor's,Sales Associate,15,108775.70
38,Female,Master's,Financial Analyst,13,127271.28
38,Male,Master's,Web Developer,16,138018.18
39,Male,PhD,Software Engineer,17,167055.56
51,Male,PhD,Sales Manager,26,194379.60
39,Female,PhD,Senior Scientist,15,182472.83
45,Male,High School,Director of Operations,19,160024.57
58,Female,PhD,Data Scientist,30,212125.62
25,Female,High School,Engineer,2,73379.19
51,Female,PhD,Sales Manager,29,195119.15
59,Female,Bachelor's,Marketing Analyst,36,178125.51
50,Female,PhD,Business Analyst,27,185112.45
46,Female,PhD,IT Support,21,151759.02
24,Male,Master's,Marketing Manager,1,101545.16
24,Female,Master's,IT Support,0,80783.88
47,Female,High School,Senior Scientist,23,159724.15
39,Male,PhD,Engineer,12,146347.60
23,Male,Bachelor's,Director,0,120541.60
37,Male,PhD,Data Scientist,9,154100.73
52,Male,Master's,Account Manager,25,152965.54
39,Female,Master's,Content Creator,16,122644.84
58,Female,Bachelor's,Web Developer,35,172075.35
46,Female,PhD,VP of Operations,24,212995.56
37,Male,High School,Sales Director,9,115327.05
57,Female,Master's,Operations Manager,35,209537.81
49,Male,High School,Senior Manager,24,148383.09
55,Male,PhD,HR Manager,32,198748.11
23,Male,PhD,HR Manager,0,101312.90
59,Female,Master's,Research Scientist,33,210922.32
29,Female,PhD,Software Engineer,6,131461.61
59,Female,PhD,Senior Manager,37,230610.48
26,Male,PhD,UX Designer,1,112949.13
43,Female,Bachelor's,Account Manager,18,123244.75
34,Female,Bachelor's,Receptionist,9,82257.34
26,Male,Bachelor's,Research Scientist,4,101761.48
51,Male,Master's,Senior Scientist,27,194972.40
32,Female,High School,Marketing Manager,4,81796.18
52,Male,High School,Financial Analyst,27,138294.43
42,Female,PhD,Project Engineer,19,171237.83
43,Male,Bachelor's,Product Manager,15,146078.24
30,Female,PhD,VP of Operations,7,162548.78
46,Male,PhD,Content Creator,24,168023.05
34,Male,Master's,Software Developer,11,124588.25
47,Female,High School,HR Manager,23,123506.16
54,Female,Bachelor's,Content Creator,27,142862.18
28,Female,PhD,UX Designer,2,109819.12
31,Male,Master's,Senior Scientist,9,142732.71
22,Female,Bachelor's,Business Analyst,0,65691.17
49,Male,Master's,Receptionist,21,129246.71
43,Female,Master's,IT Support,20,141879.39
45,Female,PhD,Marketing Manager,21,175089.09
22,Female,Master's,Sales Manager,0,101480.78
53,Male,Master's,Financial Analyst,25,171124.21
26,Female,Bachelor's,HR Manager,4,82598.57
33,Male,Master's,Content Creator,9,111238.71
37,Male,Bachelor's,Financial Analyst,11,115594.85
42,Female,PhD,VP of Operations,14,184195.91
35,Male,PhD,IT Support,13,128874.22
34,Male,Bachelor's,UX Designer,8,104593.63
36,Male,Bachelor's,Data Analyst,12,113236.10
37,Male,Master's,Senior Scientist,14,158754.56
55,Male,Master's,Research Scientist,30,201887.25
58,Male,High School,Software Engineer,32,164723.94
23,Female,Bachelor's,Marketing Manager,0,81002.37
37,Female,Master's,Sales Director,10,152372.19
58,Male,PhD,Operations Manager,32,217886.39
28,Male,High School,Marketing Analyst,5,73882.53
45,Male,PhD,Business Analyst,22,169695.84
58,Female,Master's,Research Scientist,35,211255.39
50,Male,Bachelor's,Director,22,192044.77
29,Female,Master's,Sales Director,3,132848.99
36,Male,Bachelor's,Software Developer,11,113153.45
30,Female,Bachelor's,Sales Manager,8,104433.56
47,Female,PhD,Product Manager,19,183998.46
51,Female,High School,Engineer,25,141052.41
26,Female,Master's,Marketing Coordinator,0,77372.37
54,Female,Master's,Research Scientist,30,200786.64
28,Male,Master's,Marketing Coordinator,2,93099.99
39,Female,High School,Financial Analyst,17,107710.51
59,Male,Master's,Project Engineer,31,197419.32
44,Female,PhD,Research Scientist,16,172980.37
36,Female,Master's,Data Scientist,12,140593.36
53,Male,Bachelor's,Data Scientist,29,182717.96
42,Female,High School,Senior Scientist,18,144608.56
42,Male,Bachelor's,HR Manager,20,130009.88
35,Male,Bachelor's,Sales Director,11,139374.92
43,Male,PhD,Graphic Designer,20,157783.42
50,Female,Bachelor's,Research Scientist,23,157525.36
35,Female,Master's,Operations Manager,9,129616.53
34,Female,High School,HR Manager,6,78337.79
31,Male,Master's,Software Developer,4,106748.76
50,Female,High School,Senior Scientist,28,166375.09
37,Male,Master's,Business Analyst,9,114635.54
42,Male,PhD,Senior Manager,20,180634.93
44,Male,High School,Business Analyst,19,117358.18
57,Male,Bachelor's,HR Manager,31,162963.02
53,Male,Bachelor's,HR Manager,28,155269.19
58,Female,Master's,Business Analyst,36,192924.93
48,Female,Master's,HR Manager,21,155497.56
44,Female,High School,Account Manager,22,114536.40
23,Female,Master's,Research Scientist,1,107865.46
49,Male,Bachelor's,Financial Analyst,27,157750.47
60,Female,High School,Receptionist,34,141440.63
33,Male,Bachelor's,Engineer,8,99236.20
49,Male,Master's,Director of Operations,23,201763.89
36,Female,Bachelor's,Marketing Coordinator,14,108336.23
29,Female,Master's,Director,4,146196.72
49,Male,PhD,IT Support,22,158734.85
48,Female,PhD,HR Manager,23,175899.85
33,Female,High School,Software Developer,5,81887.69
58,Male,Bachelor's,Project Engineer,35,186205.66
25,Male,High School,Business Analyst,0,53573.65
36,Male,Master's,Operations Manager,11,138502.49
55,Female,High School,Sales Associate,29,139086.64
51,Female,Master's,Project Engineer,28,175976.08
43,Female,Bachelor's,Sales Associate,19,122957.99
54,Female,PhD,UX Designer,27,187065.42
41,Female,Master's,Web Developer,17,143435.01
44,Female,Bachelor's,Director of Operations,16,161153.18
46,Female,High School,Director of Operations,20,156440.15
51,Male,Bachelor's,UX Designer,26,157706.88
43,Female,Master's,Marketing Analyst,18,141902.16
55,Female,Bachelor's,Sales Associate,31,158157.69
33,Female,Bachelor's,Senior Scientist,8,124754.06
22,Female,PhD,Marketing Coordinator,0,96540.78
33,Female,Master's,Senior Scientist,6,140774.26
45,Female,High School,Software Engineer,19,125896.66
48,Male,PhD,Senior Manager,26,200734.57
34,Female,Bachelor's,UX Designer,12,106166.53
53,Female,Master's,Director,27,215165.61
42,Male,Bachelor's,UX Designer,15,118120.99
49,Male,High School,Marketing Manager,27,146572.05
53,Male,High School,Receptionist,26,118087.01
53,Female,High School,Data Analyst,29,144881.57
24,Male,Master's,Engineer,0,98580.07
58,Male,High School,Marketing Manager,30,157728.76
56,Female,High School,Data Analyst,31,152162.00
27,Male,Bachelor's,Senior Manager,0,91613.55
52,Female,Bachelor's,Software Developer,26,158747.60
24,Female,Bachelor's,Sales Associate,0,64936.53
54,Male,PhD,Web Developer,29,188484.77
23,Male,Master's,Sales Associate,0,79049.55
49,Female,PhD,Senior Scientist,21,201652.36
23,Female,PhD,Marketing Coordinator,0,98533.84
45,Male,Bachelor's,Operations Manager,21,147512.25
58,Male,Master's,Marketing Analyst,32,184424.25
33,Male,PhD,Software Engineer,7,142145.92
60,Female,Master's,Account Manager,32,175472.64
33,Male,Bachelor's,Account Manager,6,88912.21
50,Female,PhD,Project Engineer,27,195849.89
44,Male,Master's,Business Analyst,18,142922.27
55,Male,Master's,Receptionist,27,155864.26
56,Male,Bachelor's,UX Designer,29,165826.70
44,Male,High School,Financial Analyst,18,115485.56
51,Female,Master's,Content Creator,24,147737.84
24,Female,PhD,Graphic Designer,0,97276.03
50,Male,High School,Operations Manager,22,144969.99
49,Male,High School,Engineer,22,125681.99
29,Male,Bachelor's,Receptionist,3,61321.97
44,Female,High School,Marketing Coordinator,17,97390.48
52,Male,Master's,Data Analyst,28,174090.17
36,Female,PhD,Senior Scientist,13,167564.88
33,Female,High School,Web Developer,8,80794.90
58,Male,High School,Director of Operations,30,191622.69
42,Male,PhD,Graphic Designer,20,156656.22
30,Female,High School,HR Manager,3,70562.28
48,Male,Master's,Sales Director,22,183105.48
41,Female,PhD,Marketing Coordinator,17,141530.32
49,Female,PhD,Business Analyst,21,164080.63
25,Female,Master's,Software Developer,3,108216.34
39,Male,PhD,Marketing Coordinator,16,141528.08
23,Male,Master's,Sales Associate,0,81273.06
22,Female,Master's,Sales Director,0,117427.72
25,Female,PhD,Software Developer,1,109756.85
56,Male,PhD,UX Designer,32,200849.98
53,Female,High School,VP of Operations,26,165667.27
28,Female,Bachelor's,Software Engineer,6,100849.65
43,Female,High School,Software Developer,16,113330.52
22,Male,High School,Financial Analyst,0,66160.65
38,Male,PhD,Content Creator,16,144026.22
34,Female,Bachelor's,Senior Manager,11,128743.42
35,Male,PhD,Senior Scientist,10,170384.11
56,Male,PhD,Data Analyst,32,203608.98
31,Female,Master's,Graphic Designer,4,91786.16
27,Male,High School,HR Manager,4,75548.03
46,Female,Master's,Senior Scientist,23,187092.58
45,Male,Master's,Marketing Manager,21,165733.21
50,Male,Bachelor's,Product Manager,23,170706.13
52,Female,PhD,Receptionist,29,165975.72
28,Female,Master's,Operations Manager,6,118552.46
55,Female,High School,Web Developer,28,143584.23
47,Female,High School,Engineer,23,128721.82
48,Female,High School,HR Manager,25,135010.81
39,Female,High School,HR Manager,15,99810.04
49,Female,PhD,Financial Analyst,24,177997.14
57,Male,High School,Data Analyst,34,157809.00
42,Female,High School,UX Designer,15,101729.08
55,Male,PhD,Financial Analyst,32,203258.58
28,Female,PhD,Data Scientist,1,128823.32
22,Female,High School,Data Analyst,0,55860.98
49,Male,Bachelor's,Project Engineer,21,149249.08
39,Female,Master's,Graphic Designer,13,122001.64
45,Male,Master's,Graphic Designer,22,150533.87
33,Female,Bachelor's,Sales Director,5,118934.98
53,Female,High School,HR Manager,30,140696.34
46,Female,PhD,Data Analyst,21,169669.26
32,Female,High School,Sales Manager,7,85827.16
24,Female,Bachelor's,Software Developer,1,81770.98
57,Male,Master's,VP of Operations,34,224989.86
33,Female,Bachelor's,HR Manager,5,84985.15
42,Female,Bachelor's,Data Analyst,16,120126.79
24,Female,Bachelor's,Engineer,0,82381.50
42,Female,PhD,Product Manager,15,173312.19
50,Male,PhD,Sales Director,23,201087.29
52,Male,PhD,Engineer,26,189290.43
39,Female,PhD,IT Support,12,130295.57
46,Male,Master's,Content Creator,20,137831.29
23,Female,Master's,Sales Associate,0,81192.90
60,Female,High School,Engineer,34,162806.73
23,Male,Master's,Graphic Designer,0,87188.97
52,Female,Master's,Sales Director,26,197127.63
26,Female,Bachelor's,Software Developer,2,85207.65
40,Male,PhD,Operations Manager,13,160498.22
59,Male,High School,Account Manager,37,158059.92
30,Male,PhD,Software Engineer,7,139776.72
49,Female,High School,Software Engineer,26,150731.08
48,Male,PhD,VP of Operations,20,202518.11
59,Male,Master's,VP of Operations,32,220684.69
29,Male,PhD,Content Creator,5,108496.24
38,Male,High School,Receptionist,10,74072.53
23,Male,High School,Marketing Analyst,1,55619.29
37,Female,Bachelor's,Marketing Analyst,12,107520.16
35,Female,High School,Director of Operations,12,132257.97
32,Male,PhD,Account Manager,10,125079.57
43,Male,Bachelor's,UX Designer,20,139934.15
32,Male,Bachelor's,Research Scientist,9,118775.83
43,Female,Bachelor's,Product Manager,19,158823.46
55,Male,Bachelor's,Engineer,28,161837.62
27,Female,Bachelor's,Senior Manager,3,98989.55
28,Male,PhD,Software Developer,0,111127.16
60,Male,Master's,Product Manager,32,210647.51
47,Male,PhD,Sales Associate,21,157379.84
36,Female,Bachelor's,HR Manager,13,112763.78
42,Female,PhD,IT Support,15,140356.89
35,Male,High School,Marketing Manager,11,99353.63
34,Female,PhD,Project Engineer,12,144137.32
45,Male,Master's,Marketing Manager,18,153465.61
41,Female,High School,Financial Analyst,13,104074.00
47,Female,PhD,Project Engineer,24,185143.77
45,Female,Bachelor's,Receptionist,20,107961.26
43,Female,Master's,Sales Manager,19,158817.25
34,Female,Master's,Data Analyst,11,125859.61
36,Female,High School,Account Manager,12,83351.26
44,Female,PhD,Marketing Coordinator,21,160860.55
49,Female,PhD,Marketing Analyst,22,164695.48
30,Female,High School,Sales Associate,4,65383.07
22,Male,PhD,Web Developer,0,103041.87
48,Female,Master's,Marketing Coordinator,26,157022.06
38,Female,Bachelor's,VP of Operations,12,141626.93
47,Male,High School,Project Engineer,19,122410.47
44,Female,Bachelor's,Engineer,19,135001.26
59,Male,Master's,Marketing Analyst,32,178083.64
35,Female,Master's,IT Support,10,112978.70
47,Male,High School,IT Support,25,118085.06
40,Male,High School,Senior Scientist,18,141190.28
49,Female,PhD,Marketing Manager,21,175359.88
25,Male,PhD,Marketing Manager,1,114098.66
53,Female,Master's,Director,29,222061.73
42,Female,High School,Sales Associate,20,111493.13
27,Male,Bachelor's,Account Manager,1,75809.43
37,Male,Master's,UX Designer,12,126726.73
32,Male,PhD,Financial Analyst,6,125597.86
40,Female,Bachelor's,Data Scientist,15,133405.63
24,Female,PhD,HR Manager,0,106334.43
31,Male,PhD,Data Analyst,5,118307.18
59,Female,PhD,Data Scientist,35,229039.20
22,Male,Bachelor's,Sales Manager,0,81941.28
26,Female,High School,Software Developer,1,68046.30
34,Male,Bachelor's,UX Designer,9,102781.46
32,Female,Bachelor's,Marketing Manager,8,106417.90
51,Male,PhD,Content Creator,25,172884.45
53,Male,PhD,Marketing Manager,28,194918.71
47,Male,High School,Director,24,183684.41
58,Male,PhD,Director of Operations,30,235955.39
28,Female,Bachelor's,IT Support,3,71350.44
39,Male,PhD,UX Designer,16,154325.31
27,Female,Bachelor's,Content Creator,3,69976.20
46,Female,High School,Senior Scientist,21,148210.43
45,Female,High School,Project Engineer,21,129902.70
49,Male,Bachelor's,Engineer,24,154299.10
31,Male,PhD,Web Developer,6,127482.13
56,Male,High School,Product Manager,33,176916.29
24,Female,High School,Operations Manager,2,80520.41
47,Female,High School,Research Scientist,19,137234.71
24,Female,Master's,Product Manager,1,119165.96
58,Male,Master's,Marketing Manager,32,197829.08
53,Female,Master's,Project Engineer,28,185291.02
40,Female,Bachelor's,UX Designer,14,117058.49
27,Female,High School,Sales Associate,0,47470.86
27,Male,PhD,Content Creator,4,106904.88
51,Female,Master's,HR Manager,29,169759.02
28,Male,Master's,Product Manager,2,126415.03
27,Male,PhD,Content Creator,1,101117.73
49,Male,High School,Senior Manager,27,159627.93
45,Female,Master's,VP of Operations,23,186145.76
32,Female,Bachelor's,Business Analyst,7,94095.30
32,Female,Master's,Sales Manager,9,127301.17
31,Male,Bachelor's,Business Analyst,6,85845.86
45,Female,Bachelor's,Marketing Manager,22,145319.48
39,Male,Master's,Content Creator,17,133244.77
24,Female,PhD,Data Scientist,0,121321.57
46,Female,Bachelor's,VP of Operations,23,175984.88
43,Male,Master's,Marketing Manager,16,152333.19
33,Male,PhD,UX Designer,6,132402.13
54,Male,PhD,Sales Manager,28,197575.28
38,Female,High School,Software Engineer,11,106220.79
44,Female,Master's,Director of Operations,16,179836.76
60,Male,High School,Business Analyst,36,158185.99
54,Female,Master's,HR Manager,29,176518.93
57,Male,High School,VP of Operations,32,190604.31
60,Male,PhD,Data Scientist,32,224600.21
35,Female,High School,Product Manager,10,112798.55
56,Female,PhD,Financial Analyst,28,188800.32
36,Male,PhD,Project Engineer,13,154821.16
34,Female,PhD,Data Scientist,7,145370.75
43,Male,Bachelor's,Receptionist,17,108340.62
34,Female,High School,Sales Manager,9,96135.84
35,Female,Master's,HR Manager,11,123770.47
28,Male,PhD,Product Manager,1,132740.68
38,Female,Bachelor's,Senior Scientist,15,144287.68
54,Female,Bachelor's,Senior Manager,26,167005.64
58,Male,Master's,Sales Manager,36,205402.23
44,Female,High School,UX Designer,16,113400.68
36,Male,Bachelor's,Sales Associate,8,92349.31
23,Female,Master's,Director of Operations,0,129784.66
36,Female,Bachelor's,Sales Manager,10,110744.66
37,Female,Master's,Operations Manager,15,150847.03
33,Female,Bachelor's,Web Developer,6,95821.18
45,Male,Master's,Sales Manager,17,154266.02
49,Male,PhD,Software Developer,26,185342.66
36,Female,Master's,Financial Analyst,11,128184.47
53,Female,PhD,Sales Manager,25,190541.22
29,Male,Bachelor's,Project Engineer,6,102506.66
27,Male,Master's,Web Developer,0,88944.05
47,Male,PhD,Graphic Designer,19,158357.06
40,Female,Bachelor's,IT Support,12,97804.57
31,Female,Master's,Director of Operations,6,148834.62
25,Female,Master's,Receptionist,3,72923.70
23,Female,Master's,Project Engineer,0,96046.89
44,Male,Bachelor's,Web Developer,19,131031.82
37,Female,High School,Data Analyst,11,95452.30
44,Male,Bachelor's,Receptionist,20,116262.65
45,Female,Bachelor's,Web Developer,19,131351.02
52,Male,Master's,Software Developer,24,164701.93
33,Female,Master's,Sales Manager,9,126049.36
28,Male,Master's,Sales Director,2,125518.46
48,Male,Master's,Product Manager,24,190650.25
53,Male,High School,Product Manager,25,161078.90
30,Female,Master's,Senior Manager,7,130754.51
55,Male,High School,Account Manager,33,144671.86
53,Female,PhD,Senior Scientist,30,223789.38
25,Male,High School,VP of Operations,3,99991.45
47,Male,Bachelor's,VP of Operations,22,174817.81
30,Male,Bachelor's,Engineer,7,97840.18
58,Female,Master's,Data Analyst,30,174232.45
59,Male,High School,VP of Operations,31,189046.01
44,Male,High School,Data Analyst,22,124134.48
55,Male,Bachelor's,Account Manager,28,147493.63
57,Male,PhD,Financial Analyst,30,198872.00
58,Male,Master's,Marketing Manager,33,198806.44
39,Female,PhD,Web Developer,13,140753.37
40,Female,PhD,Research Scientist,18,171933.15
33,Female,High School,UX Designer,7,80809.66
30,Male,PhD,Sales Director,3,149050.75
29,Male,Bachelor's,Graphic Designer,3,78081.18
39,Male,Bachelor's,Receptionist,15,103642.00
42,Female,PhD,Sales Associate,14,137014.88
52,Male,PhD,Account Manager,24,167599.61
24,Female,Bachelor's,Operations Manager,1,95035.99
30,Female,High School,IT Support,5,62487.51
28,Male,Master's,Marketing Coordinator,0,87364.80
58,Male,Master's,UX Designer,30,186919.93
23,Male,High School,Content Creator,0,50395.46
50,Female,High School,Sales Associate,27,123723.57
35,Female,Master's,VP of Operations,12,155984.69
42,Female,Bachelor's,Sales Director,16,149764.58
37,Female,High School,Account Manager,15,97181.44
51,Female,PhD,Web Developer,24,176722.83
23,Male,Master's,Project Engineer,0,103317.71
45,Female,Bachelor's,Director of Operations,19,168492.38
57,Male,PhD,Director of Operations,35,244248.38
57,Male,Master's,HR Manager,34,193262.22
57,Female,High School,VP of Operations,34,189579.73
29,Male,Master's,VP of Operations,3,131832.66
25,Male,PhD,Account Manager,0,96128.81
41,Female,Master's,Software Engineer,17,149023.11
38,Male,Master's,Data Scientist,16,161253.85
33,Female,High School,Project Engineer,10,94490.98
55,Female,High School,Marketing Coordinator,30,142759.32
38,Female,Master's,Data Scientist,12,149236.54
34,Male,Bachelor's,Research Scientist,11,124438.00
44,Male,Master's,Data Scientist,22,172679.23
48,Male,High School,Content Creator,24,120951.70
28,Male,Master's,Content Creator,3,89379.33
30,Male,Master's,HR Manager,2,96845.41
60,Male,PhD,Business Analyst,33,196163.58
27,Female,Bachelor's,Business Analyst,0,71357.97
33,Female,High School,Product Manager,10,109842.31
58,Female,PhD,Content Creator,31,185603.20
34,Female,PhD,Sales Director,9,163969.88
33,Female,Bachelor's,Financial Analyst,7,94330.93
30,Male,PhD,Financial Analyst,6,124133.74
48,Male,Master's,Senior Scientist,21,183195.00
35,Female,Bachelor's,Operations Manager,10,114713.88
37,Male,PhD,Marketing Analyst,10,133745.22
35,Female,Bachelor's,Director,11,158411.57
42,Female,Master's,Receptionist,18,117650.69
27,Male,PhD,Product Manager,0,134776.25
54,Male,PhD,Content Creator,27,174795.10
48,Male,Master's,Sales Manager,22,165338.12
33,Male,Bachelor's,Financial Analyst,6,96609.41
33,Male,Master's,Graphic Designer,9,105122.64
58,Female,High School,Receptionist,34,140392.71
39,Male,Bachelor's,IT Support,14,109747.59
31,Female,Bachelor's,Director of Operations,5,124596.53
39,Male,PhD,Sales Director,17,184323.64
34,Female,Master's,Project Engineer,11,131635.59
47,Female,High School,Engineer,20,118452.12
55,Male,High School,Project Engineer,27,149903.43
37,Male,PhD,Data Analyst,15,150604.61
36,Female,Bachelor's,HR Manager,12,111981.25
55,Male,Master's,HR Manager,32,187081.20
42,Female,Bachelor's,Receptionist,18,103991.85
39,Female,PhD,Project Engineer,13,149598.65
30,Male,Master's,Marketing Coordinator,2,89491.44
49,Male,Master's,HR Manager,25,162811.96
36,Female,Master's,Product Manager,13,150982.73
30,Female,High School,Sales Director,8,113635.57
27,Female,PhD,UX Designer,4,120813.95
40,Male,High School,Senior Scientist,13,127725.74
30,Male,PhD,Web Developer,5,120771.85
50,Female,Master's,Product Manager,24,188248.97
56,Male,Master's,Project Engineer,33,201257.84
37,Female,High School,HR Manager,10,91208.00
35,Female,PhD,Graphic Designer,13,139389.67
30,Male,PhD,Research Scientist,6,140755.24
32,Male,Bachelor's,IT Support,10,90335.60
55,Female,Master's,Business Analyst,31,174014.12
43,Female,High School,VP of Operations,18,150772.93
46,Female,Master's,Marketing Analyst,24,157519.60
58,Female,PhD,Web Developer,30,196414.72
30,Male,Bachelor's,Marketing Coordinator,7,83556.07
52,Male,High School,Data Analyst,25,136237.60
48,Female,Bachelor's,Sales Associate,20,127818.51
29,Male,Bachelor's,Account Manager,4,79990.37
25,Male,Bachelor's,Marketing Analyst,0,74380.91
40,Male,High School,Engineer,18,112406.96
57,Male,High School,Marketing Coordinator,33,151097.88
38,Female,High School,Director of Operations,12,137854.63
31,Female,Master's,UX Designer,5,104769.77
52,Female,PhD,Content Creator,27,174079.37
31,Male,PhD,HR Manager,8,129556.10
43,Male,Master's,Graphic Designer,21,144021.20
36,Male,PhD,Senior Manager,9,153953.94
59,Male,PhD,Engineer,31,206394.15
35,Male,High School,Financial Analyst,10,87901.13
57,Male,High School,Operations Manager,35,174583.89
34,Female,Bachelor's,Sales Director,11,131834.70
55,Male,High School,Director,31,203907.43
50,Female,High School,Operations Manager,25,142359.18
49,Female,Master's,HR Manager,22,156048.08
28,Male,Bachelor's,Research Scientist,0,92883.46
23,Male,PhD,Data Analyst,0,107867.57
22,Male,Bachelor's,Sales Manager,0,83071.32
24,Male,Bachelor's,Financial Analyst,0,73647.69
25,Female,High School,Sales Associate,0,45560.55
37,Male,Master's,HR Manager,13,126061.67
57,Male,PhD,Senior Scientist,34,236921.61
43,Female,PhD,IT Support,20,151254.78
57,Male,Master's,Software Engineer,30,191817.07
56,Male,Bachelor's,Project Engineer,29,172076.30
32,Male,Master's,HR Manager,8,110103.73
29,Female,Bachelor's,IT Support,1,66342.77
41,Male,Bachelor's,Web Developer,14,120602.40
40,Female,Master's,Project Engineer,13,135533.16
41,Male,Bachelor's,Sales Manager,19,143125.41
53,Male,PhD,Director,27,239158.15
45,Female,Master's,Product Manager,19,166743.59
44,Male,High School,Sales Associate,20,104425.39
55,Male,High School,IT Support,30,137230.21
42,Female,PhD,Engineer,18,166335.07
26,Female,Bachelor's,Data Analyst,4,87057.78
35,Male,Bachelor's,Marketing Analyst,10,104826.83
44,Female,Master's,Business Analyst,21,144625.45
45,Male,Master's,Engineer,18,149755.29
39,Female,PhD,Marketing Coordinator,13,135206.48
31,Female,PhD,Sales Director,9,159713.21
56,Male,PhD,HR Manager,33,200751.18
46,Female,PhD,Project Engineer,23,178590.67
32,Male,Bachelor's,Software Developer,5,100144.94
42,Male,Master's,Receptionist,19,129657.86
25,Female,Bachelor's,Research Scientist,0,96258.75
28,Male,Master's,Data Analyst,5,99965.44
33,Male,High School,Research Scientist,10,112945.56
32,Female,Bachelor's,Sales Associate,7,87898.68
43,Male,Bachelor's,Sales Director,20,164736.00
25,Male,High School,Sales Manager,0,72822.96
59,Male,High School,Marketing Analyst,34,157854.46
31,Female,Master's,VP of Operations,8,151913.23
32,Male,PhD,Web Developer,4,118847.71
56,Female,High School,Sales Director,28,172327.90
39,Female,PhD,Senior Scientist,16,177432.25
59,Female,High School,Marketing Manager,37,180380.98
22,Female,High School,Graphic Designer,0,51771.73
23,Male,Master's,Data Analyst,0,85655.79
28,Female,Master's,Content Creator,6,100704.38
57,Female,PhD,Graphic Designer,31,184859.77
45,Female,PhD,Project Engineer,21,180570.26
37,Male,PhD,Financial Analyst,11,139911.02
54,Male,Master's,Software Engineer,32,194114.66
40,Male,PhD,Software Developer,16,163901.81
56,Female,PhD,Account Manager,32,187459.18
54,Female,Bachelor's,Senior Scientist,31,194367.50
38,Female,PhD,Senior Scientist,11,170416.53
23,Male,High School,Research Scientist,0,81531.54
53,Female,Master's,Financial Analyst,26,168859.65
50,Female,Bachelor's,Account Manager,22,129861.04
40,Female,Master's,Sales Director,14,157980.30
54,Male,Bachelor's,Marketing Manager,32,179177.71
35,Female,PhD,Marketing Coordinator,13,131573.17
27,Female,Master's,Research Scientist,2,110624.64
41,Female,High School,HR Manager,13,93634.79
28,Female,Bachelor's,Project Engineer,3,90579.59
22,Female,Master's,Software Engineer,0,102683.43
33,Female,PhD,Software Developer,6,132478.76
49,Male,Master's,Marketing Manager,23,163870.34
38,Male,High School,Marketing Coordinator,10,86249.37
25,Female,PhD,Senior Manager,2,132165.90
38,Male,PhD,Content Creator,14,135968.64
58,Female,Master's,Senior Manager,34,204392.38
30,Male,PhD,Software Developer,6,130184.87
35,Male,PhD,Business Analyst,8,131502.87
42,Male,Master's,Product Manager,14,159637.24
46,Female,Bachelor's,UX Designer,19,135133.56
24,Female,PhD,IT Support,0,98175.54
43,Female,Bachelor's,Data Scientist,21,156957.12
42,Male,Master's,Web Developer,19,144659.74
58,Female,Master's,Graphic Designer,33,183185.44
29,Female,Master's,HR Manager,5,100078.18
37,Female,High School,Financial Analyst,15,107377.36
34,Male,PhD,Account Manager,10,129367.26
53,Male,Bachelor's,Director,25,196515.12
29,Female,Master's,Product Manager,7,135747.04
37,Female,High School,Director,12,146761.29
50,Female,Bachelor's,Sales Associate,24,137722.15
47,Male,PhD,Marketing Manager,20,172634.99
36,Female,PhD,IT Support,13,131315.75
27,Male,PhD,Sales Director,0,134254.72
33,Male,Bachelor's,IT Support,8,84563.49
35,Male,High School,Software Engineer,7,90999.94
46,Female,High School,Receptionist,22,105655.85
35,Male,Bachelor's,Data Analyst,12,108927.42
47,Male,Master's,Content Creator,23,149651.39
38,Female,Master's,Sales Director,16,164269.14
59,Female,High School,Financial Analyst,37,170690.62
22,Male,Master's,Sales Manager,0,98175.70
55,Male,Master's,VP of Operations,29,209804.37
49,Female,High School,Graphic Designer,24,120392.53
31,Female,Bachelor's,Sales Associate,6,81555.90
22,Female,Bachelor's,Project Engineer,0,86238.65
27,Male,Master's,Marketing Manager,4,108954.35
32,Female,Bachelor's,Data Analyst,9,98488.63
44,Female,High School,Content Creator,18,106497.25
53,Male,PhD,Director of Operations,31,232187.65
25,Female,PhD,HR Manager,0,107130.38
60,Female,Master's,Software Developer,35,203411.01
23,Female,Bachelor's,Director,0,126759.76
42,Male,Bachelor's,Director of Operations,14,158997.52
43,Male,High School,Business Analyst,17,110632.36
41,Female,Bachelor's,Research Scientist,16,140714.58
34,Male,Bachelor's,IT Support,8,89445.52
55,Female,High School,Content Creator,30,133662.16
55,Female,PhD,Engineer,29,199645.50
40,Male,Master's,Director,16,182547.56
34,Female,Bachelor's,IT Support,9,86882.15
25,Female,High School,VP of Operations,1,98115.33
48,Male,PhD,Director,21,220545.71
56,Female,PhD,Operations Manager,29,203094.72
52,Male,Bachelor's,Marketing Manager,26,159311.91
56,Male,High School,Data Scientist,29,167214.16
53,Male,High School,VP of Operations,27,176363.07
57,Female,Master's,Product Manager,35,218417.10
25,Female,High School,Research Scientist,0,79573.09
51,Female,Master's,Sales Associate,27,162535.41
34,Female,PhD,Software Engineer,6,136305.70
26,Male,Master's,Graphic Designer,0,88368.08
35,Male,High School,Content Creator,12,80272.85
31,Female,PhD,Business Analyst,6,124390.60
39,Female,PhD,Marketing Coordinator,15,136624.82
39,Female,High School,Engineer,12,95484.20
53,Female,Master's,Operations Manager,29,187904.38
24,Female,Master's,Web Developer,2,91802.87
50,Male,PhD,Director,27,229907.34
28,Female,Master's,Marketing Manager,4,107070.60
22,Male,Bachelor's,Marketing Manager,0,87075.08
34,Male,Master's,Account Manager,9,107436.35
59,Male,High School,HR Manager,32,157892.56
52,Male,PhD,Software Developer,29,193031.81
60,Male,Master's,Marketing Analyst,36,194683.06
51,Male,Bachelor's,Account Manager,25,138550.07
45,Female,Master's,Account Manager,17,129504.37
56,Male,High School,Marketing Coordinator,33,152100.37
25,Male,Bachelor's,Data Scientist,3,100810.29
54,Male,Bachelor's,Marketing Manager,30,172752.52
33,Male,Master's,Sales Director,6,138876.94
42,Male,Master's,Web Developer,19,144918.47
48,Female,Bachelor's,Operations Manager,25,162452.47
27,Female,Master's,Marketing Manager,3,112467.65
29,Female,Bachelor's,Data Scientist,1,101738.80
27,Male,Master's,Product Manager,5,134247.89
51,Female,Bachelor's,Engineer,23,151466.74
51,Male,Master's,Software Developer,26,169506.17
30,Female,Master's,Sales Associate,8,98791.85
26,Female,Master's,Senior Manager,2,113828.50
32,Male,Master's,Marketing Coordinator,5,101614.61
57,Male,PhD,Web Developer,32,200227.59
54,Male,PhD,Project Engineer,28,199958.29
43,Female,PhD,Content Creator,21,157375.19
57,Male,High School,UX Designer,30,151708.19
22,Female,High School,Operations Manager,0,76947.69
52,Female,High School,Senior Manager,24,152256.74
30,Male,PhD,Director of Operations,3,158096.60
53,Female,PhD,Senior Scientist,28,213919.56
33,Male,Master's,Director,7,166185.42
44,Male,Master's,Data Scientist,16,160404.06
37,Male,High School,Business Analyst,15,101686.87
22,Male,PhD,Senior Manager,0,129944.05
49,Male,High School,Web Developer,23,128647.90
57,Male,Master's,Web Developer,32,182224.93
23,Female,Bachelor's,Marketing Coordinator,0,64763.39
58,Female,Bachelor's,IT Support,32,154923.30
41,Female,PhD,Senior Scientist,19,191661.06
36,Male,PhD,Senior Manager,9,153931.75
22,Female,Bachelor's,Account Manager,0,69115.05
51,Female,Bachelor's,Sales Director,28,187895.23
58,Female,PhD,Director,32,253041.88
32,Male,PhD,HR Manager,4,118729.12
41,Female,Master's,VP of Operations,15,165428.58
59,Male,Master's,IT Support,37,189448.11
38,Female,Master's,Marketing Manager,14,140051.97
57,Female,PhD,Marketing Analyst,35,203956.49
24,Male,Master's,Web Developer,0,89279.33
44,Female,PhD,Director of Operations,21,201346.80
23,Male,Bachelor's,Data Analyst,0,71438.35
36,Male,Master's,Product Manager,11,147519.15
53,Male,PhD,Marketing Coordinator,27,178689.91
48,Male,PhD,Software Engineer,22,183647.74
51,Female,Master's,Software Engineer,28,186951.02
59,Female,Bachelor's,Marketing Coordinator,34,166546.82
48,Male,Master's,Marketing Coordinator,25,157643.40
53,Male,High School,Business Analyst,26,133076.52
26,Male,Bachelor's,Graphic Designer,0,69905.97
24,Male,Master's,Business Analyst,0,90419.40
57,Female,Master's,Engineer,32,192919.48
37,Male,High School,Marketing Coordinator,11,86310.71
55,Male,Master's,Marketing Analyst,28,169139.32
52,Male,High School,Research Scientist,24,150205.91
51,Female,High School,Marketing Coordinator,28,128779.99
31,Male,Master's,Web Developer,9,115990.22
25,Male,Bachelor's,Graphic Designer,0,63475.78
25,Male,Bachelor's,Financial Analyst,3,85315.54
45,Male,High School,Marketing Analyst,19,113799.55
36,Female,Master's,Marketing Coordinator,13,122627.89
42,Male,Master's,Graphic Designer,19,139835.27
52,Male,PhD,Graphic Designer,30,186982.32
44,Female,Master's,Director,22,201149.98
49,Male,Bachelor's,HR Manager,24,144646.61
44,Male,Bachelor's,Director of Operations,18,166386.48
56,Male,High School,Product Manager,32,180363.52
42,Female,Master's,Operations Manager,14,142956.53
59,Female,Bachelor's,Senior Manager,34,195227.99
43,Male,Bachelor's,IT Support,19,124238.02
39,Male,PhD,Data Analyst,12,143629.59
38,Female,High School,Senior Scientist,15,126736.52
51,Female,Bachelor's,Business Analyst,23,137130.61
23,Female,High School,Project Engineer,0,66393.21
39,Female,Bachelor's,Graphic Designer,16,112630.56
29,Female,Master's,Research Scientist,4,123503.94
44,Male,PhD,Marketing Analyst,21,160940.12
48,Male,Bachelor's,Financial Analyst,23,148139.65
23,Male,High School,Marketing Coordinator,0,51704.39
24,Male,Bachelor's,Sales Manager,0,88132.41
57,Female,High School,Graphic Designer,35,156641.42
26,Male,High School,Data Scientist,0,79314.70
52,Male,Master's,Director,24,211817.60
39,Male,PhD,Graphic Designer,12,140127.21
51,Female,Master's,Content Creator,28,161272.67
42,Female,Bachelor's,Director,20,180169.90
50,Female,PhD,Marketing Coordinator,24,163780.12
31,Male,Master's,VP of Operations,8,151192.74
49,Female,PhD,Data Analyst,23,171896.51
59,Male,High School,Operations Manager,34,172259.27
39,Female,Master's,Senior Scientist,12,154932.20
44,Male,Master's,Director,17,192433.72
48,Female,PhD,Director,20,216464.27
43,Female,Bachelor's,Business Analyst,16,123349.33
56,Male,PhD,Sales Manager,34,216119.32
55,Female,PhD,Content Creator,30,181739.67
39,Female,High School,Sales Manager,13,105512.68
45,Male,High School,Business Analyst,19,116735.26
50,Female,Bachelor's,Data Scientist,24,165072.87
57,Female,Master's,Sales Director,34,218579.19
42,Female,High School,Director,16,151348.45
54,Female,High School,Software Engineer,26,151802.75
52,Male,Bachelor's,VP of Operations,30,195047.58
39,Male,High School,Data Analyst,15,102827.80
40,Male,High School,Marketing Manager,15,117767.90
53,Female,High School,Web Developer,31,149138.30
35,Male,Bachelor's,Engineer,10,105709.02
23,Male,High School,Marketing Coordinator,1,52215.82
50,Female,Bachelor's,Business Analyst,23,137959.94
25,Female,Bachelor's,Marketing Manager,0,81401.66
43,Female,Master's,Web Developer,18,141125.22
24,Female,High School,Software Engineer,0,73550.54
53,Female,Bachelor's,UX Designer,29,162020.71
22,Male,Master's,Marketing Coordinator,0,77536.40
49,Female,High School,Project Engineer,26,146422.51
60,Male,Master's,Director,38,251951.96
49,Female,PhD,Senior Scientist,22,201572.66
37,Male,Bachelor's,Receptionist,13,88374.09
24,Female,PhD,Software Developer,0,112913.49
32,Male,PhD,Web Developer,9,134568.00
35,Female,Master's,VP of Operations,9,149305.23
38,Female,Bachelor's,HR Manager,12,113072.43
35,Female,Bachelor's,Engineer,10,110401.64
51,Female,High School,Receptionist,29,123140.87
46,Female,Bachelor's,HR Manager,21,131989.55
57,Male,PhD,UX Designer,35,207345.38
46,Female,Bachelor's,IT Support,21,127975.11
34,Male,Bachelor's,Receptionist,12,88097.67
34,Female,PhD,Sales Manager,11,142705.10
60,Female,High School,Content Creator,37,156379.78
48,Female,High School,Financial Analyst,22,129533.10
57,Female,PhD,Receptionist,31,179744.74
41,Female,High School,Business Analyst,13,94046.11
55,Female,High School,Business Analyst,28,140340.47
44,Female,High School,Data Scientist,21,143936.79
22,Male,Bachelor's,Content Creator,0,65783.05
31,Female,Master's,Receptionist,6,87647.32
36,Female,Bachelor's,Operations Manager,8,115329.65
54,Female,PhD,Senior Scientist,27,219389.56
26,Female,Master's,Director of Operations,0,125103.72
43,Male,Bachelor's,IT Support,18,114827.82
42,Female,Bachelor's,Marketing Analyst,14,111971.81
51,Female,Master's,Software Developer,23,160921.10
29,Male,High School,Senior Manager,1,80527.99
22,Female,Bachelor's,Marketing Coordinator,0,69060.21
28,Male,Master's,Project Engineer,5,114217.48
53,Female,High School,Software Developer,27,141461.64
30,Female,Master's,Operations Manager,4,114805.42
48,Male,Bachelor's,Web Developer,21,140577.32
58,Male,High School,Marketing Manager,35,171956.08
28,Female,Bachelor's,Software Engineer,6,99681.93
50,Male,PhD,Content Creator,27,173511.71
36,Male,PhD,Data Scientist,10,155168.48
41,Female,High School,Marketing Analyst,16,105806.55
57,Female,Master's,Receptionist,33,169777.60
41,Female,Bachelor's,Sales Associate,19,122833.01
55,Male,PhD,Sales Manager,33,216453.02
52,Male,Bachelor's,Project Engineer,27,162184.21
49,Female,Master's,Research Scientist,25,185356.10
40,Male,High School,Graphic Designer,18,102751.85
55,Male,Bachelor's,Sales Associate,30,158789.67
34,Male,Master's,Web Developer,10,117551.57
50,Female,Master's,Product Manager,22,178916.20
26,Male,Master's,Marketing Analyst,0,85466.27
30,Male,PhD,Graphic Designer,8,118997.80
41,Female,Bachelor's,VP of Operations,14,147635.22
31,Female,Bachelor's,Project Engineer,4,97613.08
23,Male,PhD,Web Developer,0,109225.08
58,Male,Bachelor's,UX Designer,31,169034.57
31,Female,Master's,Director,5,154567.77
26,Male,Master's,Receptionist,2,79557.02
46,Female,Master's,Receptionist,18,121735.91
43,Male,Bachelor's,Sales Director,15,150245.91
51,Female,High School,Data Analyst,27,133738.51
25,Female,PhD,Web Developer,0,103921.27
49,Male,PhD,Engineer,26,187056.01
44,Male,Master's,Financial Analyst,18,145312.54
37,Male,Master's,Sales Manager,11,130532.04
55,Male,Master's,Senior Manager,28,194177.27
44,Female,High School,HR Manager,17,109142.72
45,Male,PhD,Director of Operations,17,197126.37
57,Female,PhD,Marketing Coordinator,35,200740.12
45,Female,High School,Marketing Coordinator,18,105355.56
29,Female,Master's,Business Analyst,6,98483.85
40,Female,PhD,IT Support,14,140134.97
22,Female,PhD,Director,0,150252.46
54,Male,High School,Marketing Analyst,27,139720.51
48,Female,Bachelor's,Senior Manager,26,173523.87
36,Male,PhD,HR Manager,12,140489.50
55,Female,Master's,Graphic Designer,31,168719.76
59,Female,PhD,Engineer,34,209380.72
60,Female,Master's,Web Developer,32,187242.80
52,Female,Bachelor's,Product Manager,28,181379.72
28,Female,High School,HR Manager,6,71485.78
35,Male,High School,Research Scientist,8,108773.90
23,Female,High School,IT Support,0,44579.49
43,Female,Master's,Content Creator,15,129110.02
51,Female,Bachelor's,Operations Manager,24,162154.32
42,Male,Master's,Data Analyst,20,150543.71
40,Male,Master's,Financial Analyst,17,145772.77
55,Male,Master's,Data Scientist,30,194100.20
24,Female,Bachelor's,Operations Manager,0,88055.42
48,Male,Bachelor's,Software Developer,26,156070.07
55,Male,High School,Financial Analyst,33,156117.86
38,Male,Master's,Marketing Manager,12,135989.88
24,Female,Bachelor's,Sales Manager,0,86655.84
45,Female,Bachelor's,Content Creator,20,120056.46
24,Female,High School,Software Engineer,0,67858.15
44,Male,PhD,Receptionist,22,147148.26
43,Male,Bachelor's,UX Designer,15,120014.54
30,Male,Master's,Receptionist,4,82332.40
42,Male,High School,Director,19,169164.68
35,Female,Master's,Software Engineer,13,137063.55
54,Female,PhD,Graphic Designer,27,177959.03
47,Female,High School,Operations Manager,19,130385.53
48,Male,PhD,Research Scientist,26,205825.38
46,Female,High School,Sales Manager,22,128872.18
47,Female,PhD,HR Manager,23,174522.01
28,Female,High School,Account Manager,6,68076.62
55,Male,High School,Engineer,30,154520.05
25,Male,High School,Software Engineer,1,77035.19
59,Male,High School,Operations Manager,35,179550.49
54,Female,Bachelor's,Receptionist,29,140644.53
50,Female,High School,UX Designer,26,132383.68
49,Female,PhD,Data Analyst,24,174631.16
60,Male,Master's,Director,37,251031.42
56,Male,PhD,Product Manager,28,209762.67
55,Male,PhD,Business Analyst,30,192597.50
44,Male,PhD,Senior Manager,20,183058.79
50,Male,Bachelor's,Director of Operations,22,176393.31
60,Female,High School,Marketing Manager,34,172880.20
29,Male,Bachelor's,Financial Analyst,3,89316.88
44,Male,Bachelor's,Web Developer,21,132852.77
34,Male,High School,Graphic Designer,9,80941.78
52,Male,Master's,IT Support,24,147699.05
42,Female,PhD,Engineer,19,163357.52
26,Female,High School,Account Manager,1,52623.80
39,Female,Bachelor's,Product Manager,15,140178.97
29,Male,Master's,Project Engineer,1,101206.83
26,Male,PhD,Director of Operations,0,144757.29
23,Female,PhD,Operations Manager,1,124191.38
50,Male,High School,Marketing Analyst,26,134399.49
33,Male,Master's,Senior Manager,8,138224.01
37,Male,Master's,Data Analyst,14,131285.07
45,Male,High School,Senior Scientist,18,140418.14
27,Male,Master's,Senior Scientist,3,124520.81
50,Male,Master's,Marketing Manager,25,173291.14
34,Female,High School,Marketing Manager,10,93219.22
23,Male,Master's,Marketing Coordinator,0,80895.13
24,Male,High School,Sales Director,0,93527.74
34,Male,High School,Receptionist,11,72948.96
48,Female,Master's,Marketing Manager,24,165219.09
37,Male,Bachelor's,Marketing Analyst,13,113475.61
54,Female,High School,Marketing Coordinator,32,144174.89
41,Male,High School,Data Scientist,16,131155.59
27,Female,Bachelor's,Engineer,3,89643.13
41,Male,Master's,Marketing Coordinator,14,125051.76
37,Male,Bachelor's,Account Manager,9,100272.92
29,Male,High School,Data Scientist,1,78982.26
60,Female,High School,Marketing Coordinator,36,153372.83
43,Male,Master's,Marketing Analyst,18,145571.41
39,Female,Bachelor's,Operations Manager,12,124000.92
32,Male,Bachelor's,IT Support,4,74635.88
58,Female,High School,Content Creator,35,147297.75
33,Male,PhD,Business Analyst,10,127110.59
43,Female,PhD,IT Support,15,141318.62
59,Female,PhD,VP of Operations,33,235598.10
53,Male,PhD,Data Scientist,31,219728.88
44,Male,High School,Software Engineer,20,131635.78
50,Male,Master's,HR Manager,28,173676.92
60,Male,Bachelor's,Software Engineer,35,192738.67
22,Female,High School,Research Scientist,0,75555.31
56,Male,PhD,Web Developer,34,205171.59
40,Male,Master's,Sales Manager,12,136676.20
53,Male,Bachelor's,Data Analyst,31,166101.34
50,Female,High School,Marketing Manager,25,136787.56
23,Male,High School,Senior Manager,0,82375.68
59,Female,High School,Software Developer,33,164540.59
33,Female,PhD,Operations Manager,7,143009.22
22,Male,Master's,Software Developer,0,91987.58
44,Female,Master's,Data Scientist,20,169270.60
53,Female,PhD,Web Developer,27,180942.41
30,Male,Bachelor's,Software Developer,2,84890.01
44,Male,Bachelor's,Marketing Manager,17,138946.18
58,Male,Bachelor's,Project Engineer,30,174004.18
48,Female,PhD,Marketing Analyst,24,172896.49
48,Female,Master's,Director,22,204818.71
26,Male,Bachelor's,Senior Scientist,4,120087.09
49,Male,PhD,Sales Director,26,214189.58
23,Male,High School,Director of Operations,0,94881.40
38,Female,High School,Marketing Manager,15,106883.14
52,Male,Bachelor's,Sales Manager,30,174694.36
50,Male,PhD,Graphic Designer,22,169458.91
24,Female,Master's,Engineer,0,92818.25
57,Female,High School,UX Designer,34,162959.81
57,Female,Master's,Account Manager,34,182741.90
37,Female,Master's,Engineer,15,137752.86
34,Female,High School,Financial Analyst,9,86769.67
44,Female,Bachelor's,Sales Director,17,153588.52
48,Male,Master's,Marketing Manager,24,174509.46
25,Male,Bachelor's,Marketing Analyst,0,73103.46
59,Female,PhD,HR Manager,33,201848.68
44,Female,High School,Graphic Designer,16,99335.92
24,Female,Bachelor's,Sales Manager,0,82953.39
42,Male,Bachelor's,Receptionist,14,94653.29
27,Male,Bachelor's,Project Engineer,3,98383.33
60,Female,PhD,Software Engineer,33,218622.49
28,Male,Bachelor's,VP of Operations,5,125806.80
31,Male,PhD,Director of Operations,6,161629.71
41,Female,High School,Engineer,14,100501.38
23,Female,High School,HR Manager,0,55856.16
29,Male,High School,Software Developer,7,82925.07
49,Male,PhD,Software Engineer,23,184012.43
28,Male,PhD,Data Analyst,2,113698.12
37,Male,PhD,Data Analyst,9,135061.08
41,Male,PhD,Data Scientist,15,170865.28
46,Female,Bachelor's,Sales Associate,21,131050.60
42,Male,Bachelor's,Marketing Coordinator,14,106031.43
55,Male,High School,Data Analyst,31,155326.77
51,Female,Bachelor's,Content Creator,24,138979.45
52,Female,PhD,Research Scientist,29,206045.03
37,Male,PhD,Content Creator,15,142729.79
42,Male,Bachelor's,Marketing Coordinator,14,111844.22
37,Female,High School,Project Engineer,13,101646.62
33,Female,High School,Receptionist,7,62360.01
44,Male,Bachelor's,Account Manager,16,119134.86
44,Male,High School,Financial Analyst,17,114411.67
40,Male,High School,IT Support,14,90153.37
50,Male,Master's,Financial Analyst,24,167548.01
49,Female,Master's,Product Manager,23,178706.60
38,Male,Bachelor's,Engineer,13,121604.13
29,Female,PhD,Receptionist,6,99025.82
28,Male,Master's,Engineer,3,106304.24
24,Female,PhD,Research Scientist,0,129449.84
58,Female,Master's,Business Analyst,33,184930.52
51,Male,High School,Software Engineer,27,147513.08
29,Female,Master's,Financial Analyst,4,100302.94
29,Male,Bachelor's,Senior Manager,4,108408.08
22,Male,PhD,Financial Analyst,0,108443.06
59,Male,Master's,Marketing Coordinator,36,185015.09
37,Female,Bachelor's,Senior Scientist,15,146165.05
24,Female,Bachelor's,Senior Scientist,2,113405.71
42,Male,Master's,Graphic Designer,16,135527.96
26,Male,Bachelor's,Engineer,0,83936.60
44,Female,PhD,VP of Operations,18,193150.48
44,Male,High School,Content Creator,17,97326.74
36,Female,High School,Sales Associate,14,92118.27
42,Female,PhD,Business Analyst,14,139644.37
43,Male,Master's,Product Manager,21,173127.22
52,Male,Bachelor's,Senior Manager,27,172653.93
50,Female,High School,Account Manager,28,132243.53
24,Female,Bachelor's,VP of Operations,0,112999.57
36,Male,Bachelor's,Software Engineer,12,118513.04
42,Male,Master's,Project Engineer,17,153434.84
32,Female,Bachelor's,HR Manager,10,97683.48
40,Female,PhD,Software Developer,14,152687.45
60,Male,High School,Financial Analyst,35,163704.05
32,Male,High School,Product Manager,8,108541.25
59,Male,Master's,Software Engineer,36,212426.45
36,Female,Bachelor's,Financial Analyst,12,108607.02
46,Male,High School,Business Analyst,23,126341.68
49,Female,High School,Marketing Coordinator,21,114569.54
23,Female,Master's,Engineer,0,88664.20
23,Female,Bachelor's,Sales Associate,0,66810.06
52,Female,High School,Product Manager,26,159111.95
54,Male,High School,Project Engineer,27,145779.54
28,Female,Master's,Marketing Analyst,4,98093.30
60,Female,High School,Senior Scientist,33,184965.56
60,Female,High School,Graphic Designer,38,163107.86
24,Female,PhD,Marketing Analyst,0,98158.06
28,Male,High School,UX Designer,1,69314.51
58,Female,PhD,Sales Associate,36,201744.69
51,Female,Master's,HR Manager,24,157378.59
38,Female,Master's,Marketing Analyst,14,126049.49
59,Female,PhD,Sales Director,36,241961.88
27,Male,Bachelor's,Software Developer,4,95854.25
31,Male,PhD,Sales Associate,8,121590.52
28,Female,PhD,Product Manager,5,141471.59
46,Male,High School,Account Manager,18,107757.57
24,Male,PhD,Marketing Coordinator,0,95056.53
49,Female,PhD,Account Manager,25,173693.51
44,Female,Bachelor's,Financial Analyst,18,134483.07
24,Female,Master's,Receptionist,2,71187.20
32,Male,Master's,Software Developer,5,117356.02
60,Female,Master's,Product Manager,33,214569.49
52,Female,PhD,Research Scientist,28,205165.89
31,Male,PhD,VP of Operations,8,164561.43
37,Male,PhD,Data Scientist,10,159685.24
24,Male,PhD,Receptionist,0,81858.70
57,Male,High School,Graphic Designer,29,143472.05
27,Female,Bachelor's,Senior Scientist,2,114302.08
52,Female,Bachelor's,Graphic Designer,29,153183.01
47,Male,PhD,HR Manager,19,164535.42
38,Female,High School,Marketing Analyst,11,89759.25
30,Female,PhD,Marketing Manager,5,134235.84
54,Female,PhD,Research Scientist,28,209282.89
50,Female,PhD,Software Engineer,27,192339.15
41,Female,Master's,Senior Scientist,17,171954.90
52,Female,High School,UX Designer,25,138244.63
47,Male,Master's,Senior Manager,25,187249.62
32,Male,High School,Senior Scientist,6,112448.13
43,Female,Bachelor's,Marketing Manager,17,134996.58
33,Male,High School,Financial Analyst,5,82794.41
22,Male,High School,Senior Manager,0,80980.91
26,Female,Bachelor's,Software Developer,2,88313.85
48,Male,Master's,Marketing Manager,24,171022.91
51,Female,High School,Receptionist,24,107660.63
50,Female,Master's,Graphic Designer,26,160179.78
59,Male,Bachelor's,Graphic Designer,34,164018.27
25,Male,Master's,Software Developer,0,96252.11
36,Female,Master's,Account Manager,10,112020.16
43,Female,Master's,Project Engineer,16,144082.93
60,Female,High School,Sales Manager,34,167999.64
54,Male,High School,IT Support,27,131537.54
57,Female,Master's,Business Analyst,35,187435.55
60,Female,High School,Software Engineer,34,169880.92
51,Female,Bachelor's,Engineer,23,143258.97
22,Female,High School,Software Developer,0,66763.76
32,Male,Master's,Product Manager,7,134635.28
27,Female,Master's,Business Analyst,5,102731.01
35,Male,Bachelor's,Account Manager,7,94313.70
36,Male,PhD,Marketing Analyst,13,139149.48
35,Female,PhD,Product Manager,10,160269.12
27,Male,Bachelor's,Sales Associate,2,75674.68
56,Female,Bachelor's,Marketing Analyst,28,157890.35
41,Male,Master's,Account Manager,15,128505.45
56,Male,High School,Engineer,28,152141.54
23,Female,PhD,Operations Manager,0,121695.93
26,Male,Master's,Data Scientist,0,109149.80
40,Female,High School,Operations Manager,17,122374.88
41,Male,PhD,Marketing Manager,16,164458.32
26,Female,Bachelor's,Research Scientist,0,91163.14
47,Female,High School,Marketing Coordinator,22,116782.21
59,Male,Bachelor's,IT Support,37,169229.57
24,Male,Master's,Software Engineer,0,107073.85
24,Female,Bachelor's,Marketing Analyst,1,71790.78
32,Female,Master's,Marketing Analyst,10,115055.24
37,Female,Master's,Software Developer,12,130455.40
60,Female,Master's,Graphic Designer,36,188964.17
53,Female,Master's,UX Designer,27,175571.06
44,Female,PhD,UX Designer,21,169563.52
52,Male,Master's,Financial Analyst,24,166025.73
29,Female,High School,Sales Manager,1,69177.21
40,Female,PhD,Data Scientist,14,170437.09
41,Female,High School,IT Support,14,91423.53
35,Male,Bachelor's,Product Manager,8,128576.79
44,Male,Master's,Business Analyst,21,146555.21
60,Female,PhD,Sales Director,32,233758.01
48,Female,PhD,UX Designer,26,183893.09
46,Female,Bachelor's,Senior Manager,22,160053.73
59,Male,Bachelor's,Engineer,37,185659.50
46,Male,PhD,Project Engineer,21,182236.94
25,Male,Master's,Marketing Analyst,0,91310.31
43,Female,PhD,Graphic Designer,20,159407.08
58,Male,Bachelor's,HR Manager,30,161035.46
38,Female,Master's,Sales Associate,13,113654.15
60,Male,Bachelor's,HR Manager,34,176806.06
36,Female,High School,Financial Analyst,14,100675.92
27,Male,Bachelor's,Graphic Designer,0,71390.82
33,Male,High School,Marketing Coordinator,8,72762.39
55,Female,Bachelor's,Sales Associate,29,149639.58
57,Male,PhD,Operations Manager,35,221382.65
44,Female,High School,Director of Operations,16,142521.29
32,Female,Bachelor's,Research Scientist,4,109743.45
57,Female,High School,Project Engineer,30,161288.00
57,Female,Master's,Data Scientist,30,196686.25
24,Female,Bachelor's,Account Manager,0,64095.77
46,Male,PhD,Account Manager,19,157399.50
38,Female,High School,Graphic Designer,14,87147.64
49,Male,PhD,Project Engineer,21,178841.46
54,Male,High School,Research Scientist,28,161509.58
49,Male,PhD,Engineer,22,173611.12
33,Female,Bachelor's,Software Engineer,5,103089.95
43,Female,Bachelor's,Product Manager,18,153928.53
57,Female,PhD,Engineer,29,200635.50
34,Male,Bachelor's,Sales Manager,7,106411.85
40,Male,High School,UX Designer,16,108354.66
59,Female,Master's,Software Engineer,31,197216.76
40,Female,Master's,Account Manager,12,121768.46
22,Male,PhD,Director,0,156949.89
58,Female,Master's,Marketing Manager,35,202396.00
23,Female,PhD,Sales Director,0,131236.87
54,Female,High School,Account Manager,27,131413.02
54,Male,High School,Operations Manager,30,159599.67
57,Female,PhD,Web Developer,33,197233.37
58,Female,Master's,Business Analyst,33,182732.61
50,Female,PhD,Senior Manager,27,201402.72
49,Male,High School,IT Support,21,116811.41
51,Female,Bachelor's,Web Developer,25,148577.72
36,Male,Bachelor's,Graphic Designer,8,89786.98
28,Male,Bachelor's,Sales Associate,6,82948.70
28,Male,Master's,Senior Scientist,3,130508.17
35,Male,Bachelor's,Director,11,161522.45
55,Female,PhD,Sales Manager,29,198428.47
48,Male,PhD,Marketing Coordinator,22,167505.42
42,Female,Bachelor's,Product Manager,18,148771.01
43,Male,High School,Graphic Designer,19,106968.51
35,Male,PhD,Marketing Coordinator,13,132981.56
33,Male,PhD,Senior Scientist,6,157440.10
52,Male,PhD,HR Manager,27,188953.17
60,Female,PhD,Marketing Manager,36,215719.02
49,Female,Bachelor's,Director of Operations,26,192958.59
38,Female,Bachelor's,HR Manager,11,106479.45
26,Female,High School,Senior Scientist,4,95363.75
55,Female,Bachelor's,HR Manager,27,154454.01
57,Male,Bachelor's,Software Engineer,32,184219.76
54,Male,Bachelor's,VP of Operations,29,196557.17
22,Male,High School,HR Manager,0,56229.88
43,Female,High School,Marketing Coordinator,21,113476.56
30,Male,PhD,UX Designer,7,126542.26
24,Male,High School,Content Creator,0,49223.73
54,Female,High School,Research Scientist,31,167115.48
59,Male,High School,Sales Director,37,194116.51
52,Male,Master's,Web Developer,29,171931.69
49,Male,Bachelor's,Financial Analyst,23,143360.20
40,Male,PhD,UX Designer,14,154369.74
32,Male,Bachelor's,Sales Director,7,130831.97
33,Male,High School,Operations Manager,8,101266.50
30,Male,High School,Operations Manager,6,92793.61
47,Male,PhD,Sales Director,23,203650.08
29,Female,Bachelor's,Director,4,134085.00
42,Female,Bachelor's,Account Manager,20,119760.79
60,Male,Bachelor's,Sales Associate,38,174487.12
58,Male,PhD,Account Manager,33,197632.06
30,Female,Bachelor's,Software Engineer,2,96826.78
23,Male,Master's,Product Manager,0,111970.41
42,Female,Bachelor's,UX Designer,15,123308.67
46,Male,PhD,Operations Manager,19,179415.18
50,Female,Bachelor's,Account Manager,28,143757.77
31,Male,High School,Data Analyst,4,76410.22
38,Female,Master's,Software Developer,14,137136.89
32,Male,High School,Operations Manager,7,98307.52
58,Female,PhD,IT Support,32,189940.94
46,Male,High School,Web Developer,24,124869.77
35,Female,Master's,Research Scientist,11,136472.10
44,Male,Master's,Web Developer,20,147070.08
52,Female,Master's,Operations Manager,25,176914.46
40,Female,Master's,Data Scientist,13,149088.77
42,Female,Bachelor's,Graphic Designer,16,109560.87
38,Male,PhD,Sales Director,15,181686.85
48,Male,PhD,Software Engineer,26,195907.99
48,Male,Master's,Director,25,214561.91
31,Female,High School,Engineer,8,85777.42
46,Female,Bachelor's,VP of Operations,22,170081.11
53,Female,Master's,Engineer,25,170956.73
60,Male,Bachelor's,UX Designer,38,193263.98
35,Male,Master's,Data Analyst,10,120790.20
44,Female,Bachelor's,Marketing Analyst,18,120989.87
46,Male,Bachelor's,Engineer,20,136562.81
23,Male,Master's,UX Designer,0,93146.84
30,Female,Master's,Data Analyst,8,110569.01
33,Male,Master's,Senior Scientist,9,146852.42
36,Female,PhD,Sales Manager,10,139853.86
59,Female,PhD,Senior Scientist,32,225248.86
37,Male,Master's,Product Manager,9,147643.44
24,Male,High School,Financial Analyst,1,66910.66
49,Male,Bachelor's,UX Designer,24,143992.24
29,Male,Master's,Account Manager,6,98672.25
35,Female,PhD,Research Scientist,8,147004.95
57,Female,Bachelor's,Sales Director,32,201525.80
25,Female,PhD,Operations Manager,0,124325.72
37,Female,Bachelor's,Product Manager,9,128636.69
28,Male,PhD,Sales Associate,3,109788.23
38,Male,Master's,Software Developer,13,137303.60
35,Male,High School,Content Creator,11,77502.82
33,Male,High School,Director of Operations,7,122107.95
56,Female,PhD,HR Manager,30,193974.67
56,Male,PhD,Operations Manager,28,207667.15
29,Male,Bachelor's,IT Support,4,76070.60
52,Female,High School,Director,24,175902.82
50,Female,High School,Director,26,180634.64
24,Male,High School,Engineer,0,68509.17
40,Female,PhD,UX Designer,16,154817.06
46,Male,PhD,Web Developer,22,174359.04
55,Female,Master's,Graphic Designer,29,170888.62
27,Male,Bachelor's,Marketing Manager,4,94186.44
33,Female,Master's,Data Scientist,11,137706.00
60,Female,Master's,Engineer,33,192820.49
36,Male,Master's,VP of Operations,9,153491.55
48,Female,PhD,Software Engineer,21,182369.14
36,Female,PhD,UX Designer,10,134063.61
48,Male,High School,Director of Operations,24,170309.11
43,Male,PhD,Research Scientist,15,175870.32
34,Male,Master's,HR Manager,12,122246.94
39,Male,PhD,Software Engineer,13,160278.19
56,Male,Bachelor's,VP of Operations,33,204246.42
46,Male,PhD,Account Manager,22,166577.84
38,Female,Bachelor's,Marketing Coordinator,13,108809.77
30,Male,Bachelor's,Receptionist,5,72452.79
50,Male,Bachelor's,Business Analyst,23,140866.40
55,Male,Master's,Software Engineer,33,199539.51
23,Male,Master's,Software Engineer,0,102222.17
54,Female,High School,Account Manager,29,132689.41
24,Male,PhD,Director of Operations,0,144235.15
33,Male,High School,UX Designer,11,95998.44
41,Female,Bachelor's,VP of Operations,19,163028.73
30,Male,High School,UX Designer,7,87015.73
51,Female,PhD,Sales Manager,27,189280.06
37,Female,PhD,Marketing Coordinator,11,131129.16
39,Male,High School,Marketing Analyst,11,93923.16
30,Female,Bachelor's,Director of Operations,5,123541.65
25,Female,Bachelor's,Content Creator,1,71201.23
46,Female,Master's,Web Developer,22,149246.94
28,Female,High School,Financial Analyst,0,58780.43
60,Male,Master's,Sales Associate,32,176529.63
24,Male,Bachelor's,Operations Manager,0,91527.95
25,Female,Bachelor's,Engineer,1,80638.06
26,Male,High School,Business Analyst,0,54780.22
47,Male,Master's,Financial Analyst,23,160268.84
56,Female,PhD,IT Support,31,183956.77
51,Male,Master's,Sales Associate,27,161187.63
44,Male,High School,Sales Director,20,152654.43
55,Female,Master's,Marketing Analyst,29,169089.91
51,Female,PhD,Data Analyst,28,188263.62
29,Female,PhD,Business Analyst,2,111390.18
35,Female,Bachelor's,Financial Analyst,10,103883.88
25,Female,PhD,IT Support,2,98933.50
35,Male,Master's,Software Developer,10,131247.15
38,Female,Bachelor's,Engineer,12,114924.53
58,Female,Master's,Sales Manager,36,200964.80
52,Female,Master's,Receptionist,30,161030.74
43,Female,High School,IT Support,16,93584.31
50,Female,Master's,Content Creator,27,156251.49
33,Female,High School,Engineer,10,91314.54
29,Male,Master's,Marketing Analyst,2,90702.65
41,Female,High School,Sales Manager,16,117493.84
40,Male,Bachelor's,Content Creator,14,107293.40
34,Female,High School,Business Analyst,7,74834.59
52,Female,PhD,HR Manager,26,182851.06
49,Male,High School,Account Manager,24,118306.15
44,Female,PhD,Senior Manager,18,176084.33
58,Female,High School,Project Engineer,36,169440.82
35,Male,PhD,Sales Manager,7,138443.46
25,Male,Master's,UX Designer,3,99127.65
27,Male,High School,Web Developer,0,56921.19
44,Female,Master's,Graphic Designer,19,140391.45
45,Male,High School,HR Manager,22,123336.15
36,Male,PhD,Sales Director,13,171389.99
48,Female,Bachelor's,Content Creator,21,127638.75
52,Female,PhD,Data Scientist,26,201000.67
41,Female,Bachelor's,Software Engineer,14,125351.57
41,Female,High School,Sales Manager,18,116125.46
31,Male,PhD,Sales Manager,6,138391.25
23,Male,Bachelor's,Research Scientist,0,92941.57
27,Female,High School,Data Analyst,4,68747.29
54,Female,Master's,Graphic Designer,30,171273.77
57,Female,Bachelor's,IT Support,29,153862.96
42,Female,Master's,Senior Manager,18,165733.58
50,Male,High School,VP of Operations,28,171259.57
52,Male,Bachelor's,Senior Manager,30,179550.13
44,Male,Bachelor's,Director of Operations,16,167192.94
31,Female,Master's,Account Manager,6,102097.67
43,Male,Bachelor's,Marketing Analyst,21,136004.81
50,Male,High School,Receptionist,25,112453.72
34,Male,High School,Sales Associate,7,74577.16
52,Male,Bachelor's,Sales Director,27,184595.00
30,Male,Bachelor's,Research Scientist,2,106445.06
47,Female,Bachelor's,Web Developer,24,141475.41
58,Male,High School,Senior Manager,31,176024.43
23,Female,Bachelor's,Marketing Coordinator,0,69727.69
54,Male,Master's,Financial Analyst,30,182953.69
47,Female,Master's,HR Manager,19,141779.52
55,Male,Master's,UX Designer,31,180341.35
32,Female,PhD,Director of Operations,8,170666.29
60,Female,High School,Research Scientist,33,171068.69
47,Male,PhD,Graphic Designer,23,168019.12
52,Female,PhD,Data Analyst,27,187361.79
35,Female,Master's,IT Support,8,106707.72
31,Male,Master's,Director of Operations,5,145973.97
24,Female,Master's,UX Designer,0,87072.10
30,Male,PhD,Operations Manager,5,132189.79
29,Male,Bachelor's,Graphic Designer,4,81958.07
22,Male,PhD,Project Engineer,0,111756.17
55,Female,PhD,Sales Director,31,222350.79
37,Female,High School,Research Scientist,12,114036.15
24,Male,High School,Business Analyst,2,65184.62
45,Female,Master's,Software Engineer,22,166447.03
31,Female,High School,Data Scientist,6,98653.00
31,Male,Master's,Product Manager,7,137800.68
22,Female,Bachelor's,Financial Analyst,0,79509.91
47,Male,PhD,Sales Manager,25,188889.92
50,Female,High School,Senior Scientist,26,167440.14
49,Female,PhD,Senior Manager,26,199868.95
22,Female,High School,Marketing Coordinator,0,49006.39
52,Female,Master's,Marketing Coordinator,29,166756.96
60,Female,High School,Data Scientist,38,191898.88
26,Male,PhD,Financial Analyst,0,108019.61
40,Male,PhD,Web Developer,14,146748.11
22,Female,Master's,Receptionist,0,69867.74
48,Male,High School,Software Developer,24,140085.42
33,Female,Bachelor's,Senior Manager,9,120470.28
39,Male,High School,Content Creator,13,91868.76
40,Female,High School,HR Manager,13,101543.03
53,Female,Master's,Director,26,211941.82
23,Male,Master's,Content Creator,0,78952.03
59,Female,Master's,Business Analyst,35,187799.26
32,Male,Master's,Marketing Manager,9,125668.38
43,Female,PhD,Operations Manager,19,171569.84
37,Male,High School,VP of Operations,9,117579.15
60,Female,PhD,Data Scientist,35,227134.09
35,Female,PhD,Product Manager,11,158764.38
50,Female,High School,Sales Associate,27,132012.57
56,Female,High School,Operations Manager,32,162530.58
51,Male,PhD,Receptionist,23,153645.21
26,Male,Master's,HR Manager,2,97126.64
52,Female,High School,VP of Operations,26,170481.63
60,Female,High School,Senior Scientist,37,200121.41
33,Female,Bachelor's,IT Support,8,88313.06
57,Female,High School,Research Scientist,33,177454.69
59,Male,High School,Software Engineer,32,162802.51
37,Female,Bachelor's,Marketing Analyst,13,104842.56
41,Male,High School,Senior Manager,19,134743.46
49,Male,Master's,Financial Analyst,25,162207.11
26,Male,Bachelor's,Sales Director,0,101264.18
28,Female,PhD,Product Manager,6,142157.79
33,Female,Master's,Sales Director,7,135949.13
39,Female,Master's,Product Manager,12,152583.56
29,Female,High School,Senior Scientist,4,103553.78
51,Female,High School,Sales Manager,28,148462.57
57,Female,Bachelor's,Marketing Coordinator,34,165275.31
51,Female,High School,Research Scientist,26,154731.00
59,Male,Master's,Content Creator,32,177078.25
38,Female,Bachelor's,Web Developer,10,99788.47
42,Male,Master's,Sales Associate,15,126094.84
22,Male,PhD,Content Creator,0,98585.36
57,Male,Master's,Financial Analyst,30,183916.16
59,Female,PhD,Senior Manager,35,222484.05
41,Female,PhD,Sales Manager,17,165613.05
33,Female,Bachelor's,Financial Analyst,6,96170.21
31,Male,Bachelor's,Web Developer,6,91424.47
59,Female,High School,VP of Operations,37,203817.36
35,Male,Bachelor's,Director,13,164818.12
32,Female,High School,VP of Operations,9,123549.66
48,Female,PhD,Financial Analyst,21,172713.23
56,Male,Master's,Research Scientist,31,200983.34
52,Male,High School,Product Manager,28,167148.49
32,Male,High School,Product Manager,6,102039.76
29,Female,PhD,VP of Operations,1,142258.37
40,Female,Bachelor's,Senior Scientist,16,149459.82
30,Male,High School,Receptionist,5,53408.36
46,Male,Master's,UX Designer,22,162910.61
46,Female,PhD,Business Analyst,21,160994.66
54,Female,Bachelor's,VP of Operations,31,196844.33
53,Male,Bachelor's,Project Engineer,25,156518.30
35,Male,Master's,Account Manager,10,111719.45
49,Male,PhD,Financial Analyst,21,173849.80
40,Female,PhD,Marketing Coordinator,18,146231.94
39,Male,Bachelor's,Project Engineer,17,129983.42
42,Male,Bachelor's,Research Scientist,18,144221.62
29,Male,High School,Receptionist,5,58716.52
48,Female,Bachelor's,Product Manager,25,170358.41
37,Female,Master's,Operations Manager,10,136021.64
24,Male,High School,Director,0,105438.60
23,Male,Bachelor's,Content Creator,1,68631.44
28,Female,High School,Business Analyst,0,60945.20
39,Female,Master's,Content Creator,15,126168.41
39,Male,Master's,Sales Manager,11,138855.20
60,Male,PhD,Research Scientist,32,218858.88
29,Female,High School,Data Analyst,5,67954.78
31,Male,Master's,Web Developer,7,114210.41
33,Female,High School,Sales Director,8,108071.47
40,Male,High School,Content Creator,12,89517.46
25,Female,PhD,Web Developer,1,112418.68
52,Male,High School,Data Scientist,28,160508.13
44,Male,Master's,Sales Director,21,182719.29
45,Female,Bachelor's,Sales Manager,17,138168.90
39,Male,PhD,Product Manager,16,179806.67
24,Female,Bachelor's,Business Analyst,2,75925.90
52,Male,Master's,Senior Scientist,30,209294.38
55,Male,High School,Graphic Designer,32,149277.83
55,Female,High School,Receptionist,33,134804.76
36,Female,PhD,Software Engineer,11,153746.85
22,Male,High School,Operations Manager,0,78140.86
58,Male,PhD,Project Engineer,31,207644.92
27,Male,Master's,Sales Associate,3,91712.32
25,Female,PhD,Marketing Coordinator,2,101953.29
22,Male,Master's,Software Engineer,0,107217.19
35,Male,Master's,Graphic Designer,10,110688.72
42,Male,Bachelor's,IT Support,19,125184.92
56,Male,Master's,Project Engineer,34,195065.13
39,Female,PhD,Director of Operations,15,185063.50
49,Female,High School,Content Creator,22,109931.78
25,Male,High School,Sales Director,3,101704.88
55,Female,Master's,Data Analyst,32,182803.37
55,Female,PhD,Director of Operations,29,227670.40
58,Female,PhD,Research Scientist,32,215235.45
36,Female,Master's,VP of Operations,11,153784.72
24,Male,Bachelor's,IT Support,2,67013.26
51,Male,PhD,Content Creator,28,182440.97
32,Male,High School,Senior Manager,5,90985.87
50,Female,PhD,UX Designer,25,181948.35
33,Female,PhD,Senior Manager,10,156180.20
53,Male,Master's,Sales Director,28,199744.89
49,Female,High School,IT Support,23,120317.03
56,Male,PhD,IT Support,34,191344.63
28,Female,Master's,Web Developer,3,102796.85
47,Female,Master's,Senior Manager,19,162642.34
26,Female,Bachelor's,Sales Manager,0,81668.69
37,Male,High School,IT Support,12,82490.73
45,Female,High School,VP of Operations,22,162112.68
42,Male,PhD,VP of Operations,18,195202.68
46,Female,High School,Software Engineer,21,136559.52
35,Female,PhD,Financial Analyst,13,141425.60
39,Male,High School,Research Scientist,17,132167.48
42,Male,Master's,Sales Associate,15,129893.44
25,Male,Bachelor's,Sales Manager,0,87875.16
37,Male,Master's,Operations Manager,15,150851.59
49,Female,Bachelor's,Sales Associate,23,132376.71
23,Male,High School,Marketing Analyst,0,53534.90
41,Male,Master's,Business Analyst,16,137829.08
25,Male,Bachelor's,Receptionist,0,52032.69
49,Male,PhD,Marketing Manager,22,185291.21
43,Male,Bachelor's,Software Engineer,21,150512.51
44,Male,PhD,Marketing Coordinator,20,153294.01
49,Male,Master's,Software Developer,23,169752.13
27,Male,Master's,Marketing Coordinator,0,82028.34
42,Female,Bachelor's,Data Analyst,17,128169.06
22,Female,Master's,Marketing Analyst,0,83028.31
25,Male,PhD,Research Scientist,3,133525.73
46,Female,Master's,Sales Director,20,175040.37
47,Female,High School,HR Manager,21,118729.67
31,Female,High School,Software Engineer,7,87340.54
56,Male,PhD,Marketing Coordinator,31,184703.48
44,Female,Master's,Sales Manager,20,156305.93
36,Female,Bachelor's,Content Creator,12,103081.85
32,Male,High School,Content Creator,7,74347.77
43,Female,PhD,Sales Manager,17,168228.59
44,Male,High School,Graphic Designer,18,108647.50
25,Male,Master's,Marketing Coordinator,2,90933.13
41,Female,Bachelor's,Sales Manager,19,134031.38
48,Male,PhD,Senior Scientist,20,196710.70
57,Female,Master's,Engineer,34,192540.95
43,Female,PhD,HR Manager,21,160681.86
40,Male,Master's,IT Support,16,127281.19
31,Female,High School,Project Engineer,4,79855.57
37,Female,Master's,Senior Manager,10,143062.01
41,Male,Bachelor's,Data Analyst,19,127286.78
33,Female,High School,Project Engineer,9,94943.85
24,Female,Bachelor's,Director,0,119779.35
23,Female,Bachelor's,Operations Manager,0,83362.35
24,Female,Master's,Research Scientist,0,108029.80
27,Female,PhD,Senior Scientist,5,147326.08
43,Female,High School,Software Engineer,17,118062.51
46,Female,High School,Software Developer,18,123632.91
46,Female,Master's,VP of Operations,22,189315.87
55,Male,PhD,Graphic Designer,29,185146.38
44,Male,PhD,Web Developer,17,152184.42
59,Male,PhD,VP of Operations,33,236028.99
22,Female,Master's,Director of Operations,0,127348.16
47,Male,PhD,IT Support,22,160722.67
32,Female,Bachelor's,Engineer,10,105629.86
39,Female,High School,Senior Scientist,12,127250.02
48,Male,Bachelor's,Project Engineer,22,150702.07
34,Male,Bachelor's,IT Support,9,90108.55
32,Male,Bachelor's,Director of Operations,5,134567.76
28,Female,Master's,Business Analyst,6,106181.22
59,Female,PhD,Senior Manager,37,235017.08
43,Female,Master's,Sales Associate,19,134843.77
48,Male,Master's,UX Designer,25,166779.97
29,Male,Master's,Account Manager,7,108078.74
48,Male,Bachelor's,Product Manager,25,169680.05
45,Female,High School,Engineer,19,120036.52
51,Female,PhD,Marketing Manager,27,190808.20
50,Female,Master's,Data Scientist,23,179199.08
34,Male,Master's,HR Manager,11,126026.91
38,Male,High School,Project Engineer,15,116870.86
45,Female,High School,Data Analyst,18,113749.51
48,Female,Master's,VP of Operations,22,185019.92
47,Male,PhD,Research Scientist,22,188393.57
40,Female,PhD,Data Analyst,12,145211.59
41,Male,Master's,Marketing Analyst,19,142740.64
27,Male,Master's,Marketing Manager,2,109758.99
45,Female,Bachelor's,Engineer,18,136610.92
52,Female,High School,Director,25,185797.18
23,Male,Master's,Product Manager,0,116395.11
26,Male,Master's,Web Developer,1,91671.00
42,Male,Master's,Software Developer,16,144420.88
44,Male,High School,Research Scientist,21,136831.93
33,Female,Bachelor's,Marketing Analyst,6,89129.52
59,Female,Master's,Financial Analyst,32,191868.20
33,Female,Master's,Sales Manager,10,127778.35
56,Male,High School,UX Designer,30,151896.12
44,Female,PhD,Data Scientist,16,173488.14
24,Male,PhD,Receptionist,1,91059.74
40,Female,High School,Research Scientist,14,122868.19
31,Male,Master's,Sales Associate,8,109198.06
41,Male,PhD,IT Support,19,154308.58
44,Female,PhD,Business Analyst,18,157618.02
36,Male,Bachelor's,Software Developer,12,120812.36
41,Female,Bachelor's,Project Engineer,14,128974.25
44,Male,Bachelor's,Product Manager,17,152273.24
36,Female,Bachelor's,UX Designer,14,119871.29
60,Male,High School,Graphic Designer,34,154972.65
46,Female,PhD,HR Manager,21,164679.93
41,Female,Bachelor's,Data Scientist,15,140675.15
22,Male,Bachelor's,Operations Manager,0,86764.38
57,Male,PhD,Product Manager,29,220388.87
38,Female,PhD,Product Manager,15,177477.72
42,Male,Master's,Director of Operations,19,184919.88
22,Male,Bachelor's,Receptionist,0,50249.50
33,Male,PhD,Sales Director,10,166575.73
30,Male,Bachelor's,Data Analyst,2,80538.19
43,Female,Master's,IT Support,16,126219.18
23,Male,PhD,Marketing Coordinator,0,102355.08
48,Male,Bachelor's,Graphic Designer,23,138686.22
37,Male,Bachelor's,Sales Manager,14,130408.31
58,Female,High School,Receptionist,33,137801.85
36,Female,Master's,Business Analyst,11,122778.70
28,Female,High School,Project Engineer,2,73717.95
43,Male,Master's,Data Scientist,15,159813.47
25,Male,PhD,HR Manager,0,110006.44
42,Male,PhD,Senior Manager,16,172533.78
49,Male,High School,Marketing Analyst,24,124066.08
54,Male,Master's,Sales Associate,27,156850.02
52,Male,Master's,Receptionist,30,158545.87
42,Male,Bachelor's,Software Engineer,19,143958.36
23,Male,Master's,Data Scientist,0,112230.07
32,Female,High School,Product Manager,6,101803.46
33,Male,PhD,Research Scientist,5,146752.88
56,Female,Master's,Director of Operations,31,225158.54
41,Female,Master's,Engineer,13,134623.93
29,Female,High School,IT Support,5,63890.90
24,Female,High School,IT Support,0,47315.71
56,Female,PhD,Business Analyst,31,193479.01
45,Female,PhD,Data Scientist,21,184766.10
22,Male,High School,Marketing Coordinator,0,52754.05
55,Male,High School,Sales Manager,27,147988.22
47,Male,PhD,VP of Operations,24,209173.08
54,Male,Master's,Financial Analyst,29,179987.62
22,Female,Bachelor's,Operations Manager,0,87089.96
28,Female,Bachelor's,Senior Manager,3,101272.55
45,Male,High School,Sales Director,18,144972.31
26,Female,Bachelor's,Director,4,136762.35
31,Male,PhD,Sales Associate,3,107951.87
59,Male,Bachelor's,IT Support,31,161745.16
38,Male,Master's,Marketing Manager,14,145388.92
31,Female,PhD,Data Scientist,7,140425.57
34,Male,Bachelor's,Marketing Manager,11,112519.73
56,Female,PhD,Marketing Manager,34,218281.97
33,Female,Bachelor's,VP of Operations,10,134171.93
26,Female,High School,Software Engineer,2,72499.27
41,Male,High School,Project Engineer,13,105075.07
47,Male,Master's,Marketing Analyst,23,155919.84
22,Female,High School,Receptionist,0,39733.46
31,Female,Bachelor's,Content Creator,9,92719.55
38,Male,Bachelor's,HR Manager,13,112670.78
37,Male,PhD,Director,10,187179.70
22,Male,Bachelor's,Content Creator,0,62044.54
26,Female,Bachelor's,Research Scientist,2,96593.53
49,Female,Bachelor's,Senior Scientist,23,173505.94
27,Female,Master's,Marketing Analyst,1,88062.57
38,Male,Master's,Business Analyst,10,115420.49
37,Male,High School,Data Analyst,9,92272.32
57,Female,High School,Project Engineer,33,167974.24
27,Male,PhD,Account Manager,5,117139.76
48,Female,High School,HR Manager,22,127768.28
39,Female,Master's,Sales Associate,17,133746.24
33,Female,Master's,Project Engineer,5,110850.06
30,Female,High School,Sales Associate,5,66212.30
59,Female,Master's,Account Manager,37,188103.51
24,Female,Bachelor's,Senior Manager,0,93254.06
45,Male,Bachelor's,Research Scientist,23,162775.00
23,Female,PhD,Data Analyst,0,107357.06
59,Male,PhD,Data Scientist,37,238801.11
60,Male,Bachelor's,Operations Manager,36,195864.02
57,Female,PhD,Marketing Analyst,32,197021.70
26,Male,Master's,Data Scientist,2,118084.99
48,Female,Master's,VP of Operations,20,184143.90
31,Male,PhD,Engineer,6,129857.42
35,Female,High School,Data Analyst,13,91347.20
41,Male,Master's,Receptionist,19,129294.17
43,Female,PhD,Marketing Analyst,18,153122.16
44,Male,Master's,Data Analyst,21,153977.93
24,Female,PhD,Product Manager,1,130837.65
38,Female,High School,Senior Manager,13,112053.60
51,Male,PhD,Project Engineer,24,190133.73
25,Female,High School,Senior Scientist,0,88148.30
44,Female,Bachelor's,Sales Director,22,170987.61
52,Male,Master's,Operations Manager,24,178062.38
47,Female,Bachelor's,Content Creator,20,119287.94
46,Female,Bachelor's,Product Manager,21,161760.44
49,Female,Bachelor's,Sales Director,23,168140.01
52,Female,PhD,HR Manager,26,182186.92
53,Male,PhD,Receptionist,29,170744.42
33,Male,Bachelor's,Director of Operations,8,142038.28
51,Female,Bachelor's,Business Analyst,24,139133.70
44,Male,Master's,Project Engineer,22,166864.18
27,Male,Bachelor's,Data Scientist,4,110146.99
39,Female,Bachelor's,UX Designer,15,118150.41
26,Female,Master's,Director of Operations,0,132766.56
50,Male,PhD,Data Scientist,23,192847.90
57,Male,Master's,Graphic Designer,30,168210.84
31,Female,PhD,Account Manager,3,106377.15
33,Female,PhD,Marketing Analyst,9,125689.77
25,Male,Master's,Project Engineer,3,112407.93
50,Male,PhD,UX Designer,24,180984.44
58,Male,PhD,IT Support,32,192024.63
43,Male,PhD,Engineer,18,164758.07
56,Female,Master's,Operations Manager,34,201062.71
49,Male,Bachelor's,Research Scientist,26,174164.15
57,Female,Master's,Sales Associate,29,170071.19
31,Male,PhD,VP of Operations,8,160294.23
56,Male,High School,Sales Director,33,184948.63
57,Male,High School,Content Creator,35,154658.34
55,Female,High School,Software Engineer,31,158355.56
57,Male,Master's,HR Manager,30,183819.18
36,Female,Bachelor's,Web Developer,9,101644.86
58,Female,Master's,Content Creator,34,183513.08
59,Female,High School,Financial Analyst,35,162152.32
35,Female,PhD,Financial Analyst,13,143636.38
46,Female,High School,Engineer,21,128368.32
26,Male,Master's,Sales Manager,4,107866.36
41,Male,High School,Receptionist,13,79402.48
23,Male,PhD,IT Support,0,91680.82
46,Female,Bachelor's,VP of Operations,18,167712.86
48,Female,Bachelor's,IT Support,23,132015.84
27,Male,Master's,Research Scientist,0,109910.84
55,Male,PhD,Operations Manager,28,208525.97
25,Male,Master's,Senior Scientist,0,119440.41
29,Male,PhD,Software Developer,3,121334.23
30,Male,Master's,IT Support,3,87205.51
52,Male,PhD,VP of Operations,26,215485.04
27,Male,PhD,Research Scientist,4,133943.00
22,Male,Master's,Director of Operations,0,128866.12
57,Male,Master's,Product Manager,31,211480.06
28,Female,Master's,Business Analyst,1,85146.28
39,Male,Bachelor's,Financial Analyst,11,109920.72
54,Male,High School,VP of Operations,29,176754.48
60,Male,Bachelor's,Senior Manager,38,204441.37
38,Female,Bachelor's,Data Analyst,16,122035.84
52,Female,High School,Account Manager,28,134246.62
55,Female,Bachelor's,Data Scientist,28,180930.20
48,Male,Master's,Web Developer,21,158204.10
37,Female,Bachelor's,Director,11,152733.13
29,Male,High School,Data Analyst,7,79711.40
47,Male,Master's,Sales Director,25,195648.65
26,Female,Bachelor's,Marketing Manager,3,93859.56
47,Female,PhD,Senior Scientist,23,201483.18
52,Female,Master's,Director,30,230159.75
46,Male,High School,Web Developer,21,120682.95
23,Male,Master's,Data Analyst,1,91737.01
56,Female,Bachelor's,Sales Associate,28,149705.50
46,Male,PhD,Marketing Manager,19,174271.26
48,Male,High School,Project Engineer,22,134669.11
39,Female,High School,HR Manager,11,91680.08
59,Female,Master's,Director of Operations,31,217120.38
37,Male,Master's,Data Scientist,13,150141.60
37,Female,Master's,Account Manager,9,107121.28
58,Female,High School,Director,31,198284.42
57,Female,High School,Graphic Designer,32,143927.52
45,Female,PhD,Engineer,23,176836.86
39,Male,PhD,Director of Operations,11,182448.58
23,Male,Master's,Account Manager,0,79972.05
31,Male,Master's,Data Analyst,9,120141.58
48,Male,Bachelor's,VP of Operations,26,186673.89
33,Male,High School,Account Manager,10,76813.09
27,Female,Bachelor's,Senior Manager,0,98528.37
58,Male,PhD,Data Scientist,32,220550.71
51,Female,High School,Sales Director,25,165739.89
52,Male,Master's,Director,27,218760.84
53,Female,Bachelor's,Director,26,196970.06
39,Female,Bachelor's,Operations Manager,11,117463.57
29,Male,PhD,VP of Operations,2,149136.56
51,Female,PhD,Data Analyst,26,182638.78
26,Male,Bachelor's,HR Manager,2,77372.27
50,Female,High School,Marketing Analyst,22,119064.06
42,Male,Bachelor's,Senior Manager,19,152265.83
23,Female,Bachelor's,Research Scientist,0,93638.81
53,Male,High School,Financial Analyst,26,141409.04
48,Female,PhD,Operations Manager,21,181315.46
53,Female,Bachelor's,Sales Associate,26,140726.28
57,Female,Bachelor's,Account Manager,33,163204.64
42,Female,PhD,IT Support,14,133576.52
34,Female,Bachelor's,HR Manager,8,102029.11
57,Male,Bachelor's,Senior Manager,35,193181.00
47,Female,Master's,Engineer,25,165251.91
51,Male,Master's,Director,29,228663.72
55,Female,Master's,Receptionist,29,150660.63
23,Female,Bachelor's,Research Scientist,0,93948.49
31,Male,Master's,Account Manager,6,102034.67
50,Male,High School,Marketing Manager,27,144042.75
26,Female,Bachelor's,UX Designer,3,86680.15
27,Male,Master's,Engineer,3,100405.73
58,Female,Bachelor's,Product Manager,33,193043.40
56,Female,PhD,Account Manager,29,188545.09
37,Female,High School,Data Analyst,14,98046.62
44,Male,Master's,UX Designer,16,145936.08
57,Male,High School,Sales Manager,33,166350.43
24,Female,High School,Financial Analyst,0,65839.01
23,Male,PhD,HR Manager,0,101544.71
33,Female,High School,HR Manager,5,75368.09
48,Male,Bachelor's,Graphic Designer,22,136688.92
44,Male,Master's,Marketing Coordinator,19,134087.00
36,Female,Master's,Marketing Coordinator,14,126090.19
47,Female,High School,Sales Manager,22,129165.78
39,Female,Master's,Account Manager,12,115877.20
37,Female,Bachelor's,Senior Manager,13,134310.67
53,Female,PhD,Sales Associate,29,180854.92
27,Female,Bachelor's,Product Manager,3,103977.18
44,Female,PhD,Receptionist,18,138747.93
34,Male,High School,Web Developer,7,84684.11
54,Female,Bachelor's,Web Developer,32,166077.60
41,Female,High School,Operations Manager,18,121969.32
37,Male,Master's,Software Developer,10,132256.40
32,Female,Bachelor's,Software Developer,5,91626.02
42,Male,Master's,Web Developer,20,145144.54
25,Female,Bachelor's,Marketing Manager,0,79542.45
41,Female,Bachelor's,Project Engineer,15,127462.55
26,Female,High School,Director,3,116615.04
44,Male,Master's,Receptionist,20,128041.85
24,Male,PhD,Software Engineer,0,114552.67
51,Female,PhD,Operations Manager,25,192127.20
49,Male,PhD,Data Analyst,25,176657.96
52,Male,PhD,Business Analyst,29,185752.80
32,Female,Master's,Financial Analyst,7,114741.12
24,Female,Bachelor's,Sales Manager,2,87489.89
55,Female,Bachelor's,Business Analyst,29,158872.24
37,Female,High School,Product Manager,13,120327.81
40,Female,Master's,Financial Analyst,12,128109.03
58,Female,Master's,IT Support,32,175413.15
37,Female,PhD,Operations Manager,11,151648.85
31,Male,PhD,Software Developer,7,130213.95
22,Male,PhD,Business Analyst,0,105457.54
40,Female,Bachelor's,Sales Associate,15,113136.78
50,Male,Master's,HR Manager,23,157717.80
31,Female,PhD,Business Analyst,4,113938.95
60,Male,PhD,Receptionist,32,183270.81
25,Female,Bachelor's,Marketing Analyst,1,68629.77
31,Female,Master's,Director of Operations,4,143753.41
25,Female,Master's,Product Manager,1,118611.28
35,Female,Master's,Operations Manager,10,129180.60
51,Female,Master's,Product Manager,27,195950.21
43,Male,High School,Data Analyst,17,112409.63
59,Male,High School,Marketing Analyst,32,152191.87
60,Male,Master's,IT Support,37,192583.68
48,Male,High School,IT Support,25,118397.49
44,Female,High School,Marketing Coordinator,16,100088.27
26,Male,PhD,Operations Manager,0,119139.41
49,Female,PhD,Project Engineer,22,184253.09
34,Male,Master's,Graphic Designer,10,109864.71
38,Female,PhD,Marketing Coordinator,14,140294.12
24,Male,PhD,Software Engineer,0,123538.20
49,Female,PhD,Marketing Coordinator,23,162600.55
39,Female,High School,VP of Operations,12,134178.02
47,Male,Master's,Marketing Analyst,22,153602.35
54,Female,PhD,Marketing Coordinator,29,180800.68
48,Female,PhD,Product Manager,21,196236.44
38,Female,High School,Data Scientist,12,118387.02
57,Female,Master's,VP of Operations,32,217067.07
56,Male,Bachelor's,Sales Associate,33,160213.24
36,Female,Bachelor's,Research Scientist,10,124164.44
42,Female,Master's,Senior Manager,20,162002.89
45,Female,Master's,Financial Analyst,21,151010.84
29,Female,High School,Product Manager,5,100542.70
46,Female,High School,Research Scientist,24,150580.68
40,Female,High School,Software Engineer,16,113887.06
27,Female,Master's,Receptionist,3,79004.52
39,Female,Bachelor's,Sales Director,16,153592.48
26,Male,Bachelor's,VP of Operations,2,119557.50
42,Male,Bachelor's,Director,18,179482.20
51,Male,Master's,Sales Associate,29,169860.00
39,Female,Master's,Research Scientist,12,149777.09
44,Male,Master's,Software Engineer,16,148199.67
25,Female,Master's,Product Manager,3,120513.58
41,Male,High School,HR Manager,13,100353.80
44,Female,High School,Marketing Analyst,18,104857.76
45,Female,Master's,Operations Manager,18,153328.79
60,Male,Master's,Engineer,34,200511.06
36,Female,PhD,Sales Associate,8,118777.09
57,Male,Master's,Account Manager,33,182855.59
35,Female,High School,Research Scientist,8,101758.78
60,Male,Master's,IT Support,37,192859.29
27,Female,Master's,Senior Scientist,0,119360.67
34,Female,High School,Marketing Manager,12,102392.11
42,Male,Master's,Operations Manager,14,145806.77
50,Female,High School,HR Manager,24,125640.80
45,Female,Bachelor's,UX Designer,18,133419.11
53,Male,Bachelor's,Research Scientist,28,175305.11
54,Male,High School,Account Manager,29,137161.28
26,Female,Bachelor's,Content Creator,0,65897.08
28,Female,PhD,Software Developer,3,116676.49
39,Female,Master's,Receptionist,11,98511.92
57,Female,Master's,HR Manager,31,182862.93
34,Female,Bachelor's,Marketing Analyst,7,93974.30
30,Female,Bachelor's,Product Manager,4,107821.11
46,Male,Master's,Senior Scientist,20,177861.57
24,Female,Master's,Data Analyst,1,92723.37
59,Male,High School,Web Developer,37,171270.85
25,Female,PhD,Sales Associate,1,97730.49
26,Female,Master's,Research Scientist,0,111054.45
52,Female,High School,Financial Analyst,25,137105.82
32,Female,Bachelor's,Financial Analyst,7,99390.51
24,Female,PhD,Director,0,152527.95
32,Female,Master's,UX Designer,7,111375.96
38,Female,Bachelor's,Financial Analyst,10,104999.33
56,Female,Bachelor's,Marketing Coordinator,33,163035.51
31,Female,Bachelor's,Director,5,143572.13
35,Female,High School,Director of Operations,12,130001.23
50,Male,High School,Business Analyst,27,139645.06
28,Female,PhD,Director,2,163488.65
55,Male,High School,Account Manager,33,146506.56
24,Male,Bachelor's,Account Manager,1,68938.57
22,Female,PhD,Senior Scientist,0,137650.83
46,Male,Bachelor's,Receptionist,20,114327.96
46,Female,PhD,Director,19,215362.04
26,Male,Bachelor's,Marketing Coordinator,4,78643.18
36,Female,Master's,Receptionist,14,111748.10
36,Male,Master's,VP of Operations,9,152866.46
32,Male,High School,Account Manager,7,74146.66
29,Male,High School,Sales Director,1,97946.63
36,Male,PhD,Marketing Manager,14,158785.92
26,Male,High School,Director,3,113961.46
40,Female,Master's,Sales Associate,16,127691.93
30,Male,Bachelor's,Director,4,134068.03
58,Female,Master's,Graphic Designer,36,185474.14
40,Female,Master's,Senior Manager,14,148490.28
36,Female,Master's,Marketing Coordinator,11,114621.53
23,Male,Bachelor's,Sales Manager,0,81891.50
52,Female,Bachelor's,Director of Operations,27,193638.97
44,Female,Bachelor's,Financial Analyst,21,139676.99
24,Female,PhD,Data Scientist,0,121287.40
25,Male,Master's,Financial Analyst,0,90873.97
26,Female,Master's,Marketing Manager,2,101555.62
45,Female,Master's,Operations Manager,23,167466.35
29,Female,Master's,HR Manager,6,103501.86
45,Female,High School,Data Scientist,18,136006.06
34,Female,Master's,Graphic Designer,7,99086.44
58,Male,Bachelor's,Software Engineer,32,178297.75
57,Male,Master's,Business Analyst,29,177596.81
24,Female,Bachelor's,Project Engineer,0,79724.45
48,Male,High School,Financial Analyst,25,137088.00
60,Male,PhD,Web Developer,38,212116.83
29,Male,Bachelor's,Data Scientist,7,112882.83
59,Male,Bachelor's,Data Analyst,37,180302.94
27,Female,High School,Web Developer,5,70651.34
30,Male,Master's,Sales Director,7,138005.65
44,Male,PhD,Software Developer,20,175973.23
36,Male,Master's,Receptionist,13,111716.24
41,Female,PhD,HR Manager,18,157340.60
23,Female,Bachelor's,Web Developer,0,69772.57
58,Female,High School,Director,33,202605.47
25,Male,High School,Director of Operations,0,96976.14
30,Female,Master's,Software Engineer,8,122569.98
35,Female,PhD,UX Designer,8,127406.65
44,Female,High School,Graphic Designer,18,108463.43
29,Female,Master's,Marketing Coordinator,4,88944.29
51,Male,PhD,Director,25,233236.49
38,Male,Master's,Software Developer,11,132756.60
48,Female,Bachelor's,Engineer,24,151671.21
43,Male,High School,Software Engineer,18,128064.06
30,Male,High School,Operations Manager,8,96063.51
49,Male,PhD,Project Engineer,26,192518.78
59,Female,High School,Account Manager,33,147054.65
55,Female,Bachelor's,Business Analyst,30,157616.84
35,Female,Master's,Director,12,168970.51
36,Male,PhD,Data Scientist,12,157284.73
37,Male,Master's,Receptionist,12,103008.27
34,Male,High School,Data Analyst,11,90742.76
46,Female,PhD,VP of Operations,23,207222.27
51,Female,High School,Research Scientist,26,150534.04
48,Female,Bachelor's,VP of Operations,26,184809.10
52,Female,High School,Marketing Coordinator,28,137113.98
27,Male,PhD,Sales Associate,5,109203.46
27,Female,High School,Senior Scientist,1,91887.08
27,Female,Bachelor's,Sales Director,2,113474.06
32,Male,High School,Software Engineer,9,98243.20
49,Female,Bachelor's,Software Developer,26,156773.63
58,Male,Master's,Project Engineer,30,191928.95
52,Male,Master's,Director,28,222996.00
53,Female,Bachelor's,Data Scientist,29,178846.71
30,Female,High School,Director of Operations,5,108030.78
58,Female,Bachelor's,Marketing Manager,36,192728.74
55,Male,Master's,Sales Director,29,208523.89
27,Male,Bachelor's,Project Engineer,0,87888.56
30,Male,High School,Operations Manager,7,98101.42
37,Female,PhD,Graphic Designer,10,125795.99
47,Female,High School,Web Developer,23,123341.61
47,Male,PhD,Sales Manager,21,177872.30
22,Female,Bachelor's,Director of Operations,0,111391.27
53,Female,High School,Senior Manager,28,158860.02
38,Male,PhD,Engineer,14,151771.40
23,Female,Master's,Marketing Manager,0,96088.43
49,Female,Master's,VP of Operations,21,188377.64
41,Female,Bachelor's,Content Creator,17,109809.07
29,Female,High School,Research Scientist,6,91382.83
48,Female,Master's,Marketing Manager,21,161246.18
22,Female,Master's,Operations Manager,0,103098.40
30,Male,High School,Financial Analyst,5,75704.87
29,Female,Bachelor's,Financial Analyst,6,92250.67
28,Male,PhD,VP of Operations,3,149928.44
31,Male,Master's,Content Creator,8,106738.68
60,Male,PhD,Senior Manager,33,227196.28
42,Male,High School,Software Developer,20,124997.18
56,Male,Bachelor's,Senior Manager,30,181477.09
37,Female,High School,Sales Associate,14,93119.46
46,Female,High School,Software Engineer,18,122273.56
55,Male,Master's,Engineer,32,186412.85
59,Female,Master's,Director,31,229874.96
35,Male,High School,Sales Director,11,118219.23
29,Female,PhD,Sales Associate,3,102512.96
56,Male,High School,Director,32,208169.81
44,Female,Master's,Marketing Analyst,19,143281.72
29,Female,PhD,Marketing Manager,4,124486.19
51,Male,PhD,Financial Analyst,26,189812.89
46,Male,High School,Sales Associate,24,115285.72
36,Female,High School,Research Scientist,14,123058.94
47,Male,High School,Director of Operations,25,169716.66
56,Female,PhD,Director,30,247616.99
28,Male,High School,Operations Manager,6,89466.83
29,Female,High School,Project Engineer,3,74647.24
31,Male,High School,Business Analyst,8,81318.30
38,Male,PhD,Engineer,10,142628.75
50,Male,PhD,Software Engineer,26,193708.28
42,Female,High School,Data Analyst,18,107129.81
42,Female,PhD,Sales Manager,17,162143.83
60,Female,Bachelor's,Software Developer,34,182417.73
42,Female,High School,Senior Scientist,17,137075.78
42,Male,High School,Financial Analyst,18,116994.53
49,Male,Bachelor's,Graphic Designer,23,140801.23
26,Male,Master's,Receptionist,0,75551.74
27,Male,PhD,HR Manager,3,117245.18
22,Male,High School,Financial Analyst,0,64998.20
36,Male,PhD,Sales Associate,9,123993.76
60,Female,Bachelor's,Senior Scientist,36,210198.77
53,Female,High School,Financial Analyst,26,141424.98
51,Male,Master's,Data Scientist,29,196341.00
54,Female,Bachelor's,Account Manager,30,152207.34
42,Male,Master's,UX Designer,19,153583.82
44,Male,PhD,Sales Manager,16,162568.56
41,Male,High School,Web Developer,18,107927.55
32,Female,Bachelor's,Research Scientist,5,107961.44
41,Female,Master's,Sales Associate,16,127965.22
57,Male,Bachelor's,Software Developer,33,174849.55
49,Female,PhD,Sales Director,25,210871.66
57,Male,Bachelor's,VP of Operations,30,203678.46
60,Male,PhD,Sales Manager,33,211911.92
23,Female,High School,Product Manager,1,86343.29
27,Male,PhD,HR Manager,3,112328.96
58,Female,PhD,Graphic Designer,31,192256.10
55,Female,Bachelor's,Web Developer,28,158084.84
58,Female,Master's,Graphic Designer,36,185072.11
26,Male,Master's,Project Engineer,0,102466.34
35,Female,High School,Receptionist,8,58304.73
57,Male,PhD,Data Analyst,30,191851.20
56,Male,PhD,Web Developer,31,193770.33
35,Male,Master's,Director,11,175063.02
25,Male,Master's,Marketing Manager,0,98592.08
34,Male,Master's,Research Scientist,6,125011.89
56,Male,PhD,IT Support,28,180287.73
47,Female,High School,Content Creator,20,105484.14
42,Female,PhD,Data Analyst,17,159636.14
27,Male,Master's,Senior Scientist,0,119459.18
38,Female,High School,Director,13,143723.66
26,Female,Master's,Data Analyst,4,101503.49
34,Female,High School,Data Scientist,6,92662.44
33,Female,PhD,Sales Director,10,164942.84
55,Female,High School,Senior Scientist,30,173931.14
35,Male,Bachelor's,Graphic Designer,12,102508.92
31,Female,High School,Account Manager,6,69264.34
53,Female,PhD,Engineer,28,192597.09
40,Male,PhD,Data Analyst,18,162188.61
45,Male,Bachelor's,HR Manager,22,136658.29
52,Female,Master's,Project Engineer,24,169994.44
54,Female,PhD,Sales Director,32,228817.39
47,Male,High School,Product Manager,20,145937.61
26,Male,Master's,Financial Analyst,4,109003.74
39,Male,Master's,Senior Manager,16,161555.93
41,Female,Bachelor's,Operations Manager,13,128669.85
38,Female,Master's,Engineer,11,128095.81
47,Male,PhD,Director of Operations,22,212044.99
57,Female,High School,Marketing Analyst,34,152821.46
35,Male,Bachelor's,VP of Operations,12,147886.17
25,Male,PhD,Director,0,160716.83
33,Male,PhD,Marketing Coordinator,10,122836.39
50,Female,Master's,Marketing Analyst,24,154641.21
51,Male,Master's,Software Developer,29,186293.89
22,Male,Bachelor's,Sales Associate,0,68194.69
44,Female,High School,Operations Manager,22,137159.74
53,Male,PhD,Web Developer,29,189190.70
52,Male,Master's,Sales Director,26,197891.10
54,Female,PhD,Data Analyst,29,189302.83
54,Male,High School,Business Analyst,28,143204.55
53,Female,High School,Sales Manager,26,149335.51
28,Female,Master's,Business Analyst,3,97977.30
47,Male,High School,Marketing Analyst,25,132381.83
23,Female,PhD,UX Designer,0,111261.98
52,Male,Bachelor's,Sales Director,25,183441.23
30,Female,Master's,Account Manager,3,92249.66
47,Female,Master's,Software Developer,22,155957.99
35,Female,Bachelor's,Sales Manager,8,104189.35
33,Male,Master's,VP of Operations,8,146421.33
55,Male,Bachelor's,VP of Operations,33,205783.33
48,Male,PhD,Project Engineer,20,171293.94
35,Female,Master's,Marketing Analyst,13,127086.91
57,Female,High School,Content Creator,33,144731.57
32,Female,Bachelor's,Account Manager,6,87014.34
40,Male,High School,Content Creator,16,94290.82
30,Female,High School,Senior Scientist,8,107561.33
58,Male,Master's,Business Analyst,31,183175.06
34,Female,Bachelor's,Financial Analyst,8,103461.80
35,Male,High School,Engineer,7,81840.39
41,Female,Master's,Sales Manager,14,137984.99
58,Male,Bachelor's,Data Analyst,33,168821.87
23,Male,High School,Senior Scientist,0,89626.25
49,Female,High School,Marketing Manager,21,128604.68
35,Female,Master's,Senior Manager,13,142612.66
57,Male,PhD,Content Creator,32,191523.90
28,Male,Bachelor's,Research Scientist,3,108949.72
34,Male,High School,Data Scientist,8,101989.76
58,Female,PhD,Software Engineer,33,215466.20
51,Male,Bachelor's,Financial Analyst,26,151379.30
41,Female,High School,Graphic Designer,18,103243.21
32,Female,Bachelor's,Engineer,6,94769.20
43,Female,High School,Product Manager,19,139168.46
25,Female,PhD,Data Scientist,3,130421.93
36,Female,Bachelor's,Marketing Coordinator,9,95442.73
29,Female,Bachelor's,IT Support,4,73810.75
24,Male,High School,Financial Analyst,1,68996.11
40,Male,High School,Software Engineer,12,110018.72
43,Male,High School,Marketing Coordinator,20,114486.72
53,Male,PhD,Data Analyst,25,179327.83
46,Female,Master's,Business Analyst,19,144451.00
35,Female,High School,Product Manager,12,115854.48
57,Male,Master's,Content Creator,32,171543.92
54,Male,Master's,Sales Associate,31,168228.30
35,Male,Bachelor's,Content Creator,8,84877.70
51,Male,PhD,Sales Associate,26,173939.83
56,Male,Master's,Sales Director,33,220316.38
23,Male,Master's,Sales Director,0,119410.80
36,Male,High School,Software Developer,14,111447.63
52,Male,High School,Business Analyst,28,143497.11
45,Female,Master's,Software Engineer,23,166027.18
29,Male,High School,Software Engineer,1,81403.29
43,Male,Bachelor's,Account Manager,18,118666.52
35,Female,High School,Research Scientist,8,104598.67
43,Male,Master's,UX Designer,20,150452.91
47,Female,High School,Director,21,165836.74
32,Female,Bachelor's,Research Scientist,5,112514.74
34,Female,Master's,Research Scientist,7,132589.72
56,Female,PhD,Senior Manager,28,206433.52
59,Male,High School,Project Engineer,34,168955.86
51,Female,Bachelor's,Sales Manager,23,149785.56
60,Male,Master's,Project Engineer,36,203710.39
37,Male,PhD,VP of Operations,14,178794.22
57,Female,Master's,Sales Manager,35,200386.81
57,Female,High School,VP of Operations,31,181803.52
58,Male,PhD,IT Support,33,195064.52
49,Female,High School,Director of Operations,25,166393.82
52,Female,High School,Graphic Designer,30,138750.00
30,Male,High School,Software Developer,2,77729.35
56,Male,PhD,Senior Scientist,34,239627.15
33,Female,Bachelor's,Senior Scientist,6,123143.81
43,Female,Master's,Research Scientist,19,168446.39
55,Male,Bachelor's,Software Developer,27,163545.42
59,Female,Master's,Web Developer,32,185076.94
24,Female,Master's,Director of Operations,2,138465.80
22,Male,Bachelor's,Operations Manager,0,90981.60
31,Female,Master's,IT Support,3,91738.48
22,Male,Master's,Financial Analyst,0,89486.18
44,Female,Master's,Director of Operations,20,185078.09
54,Female,High School,UX Designer,29,142504.85
47,Male,Master's,Content Creator,19,136549.32
59,Male,Master's,Engineer,33,196654.86
52,Female,Bachelor's,UX Designer,24,151794.09
29,Female,Master's,VP of Operations,3,133880.99
58,Female,PhD,Product Manager,33,226577.50
53,Female,Master's,Operations Manager,25,176051.20
37,Female,Master's,Sales Director,9,146520.99
34,Female,Bachelor's,Operations Manager,9,115778.38
47,Male,PhD,Senior Scientist,19,191976.43
49,Female,PhD,Business Analyst,25,177362.81
32,Female,Master's,Marketing Analyst,6,108230.07
30,Male,Bachelor's,Senior Manager,5,106472.48
52,Female,Master's,Web Developer,26,162958.35
57,Female,High School,Senior Scientist,32,184085.85
47,Male,PhD,Web Developer,24,175031.09
52,Female,PhD,Director,24,228142.01
34,Female,High School,Web Developer,8,81596.58
44,Female,Master's,IT Support,19,135474.42
52,Male,PhD,Financial Analyst,29,192859.91
53,Male,Master's,Software Developer,30,180679.11
58,Female,PhD,VP of Operations,30,225378.87
45,Male,High School,Engineer,17,115991.61
59,Male,PhD,Graphic Designer,31,192711.66
39,Female,Master's,Senior Manager,17,157374.59
47,Female,Bachelor's,Marketing Coordinator,22,129304.29
39,Female,PhD,Sales Manager,11,149687.81
31,Female,Master's,Web Developer,3,96453.62
54,Female,High School,Project Engineer,30,154693.38
34,Male,Bachelor's,Sales Manager,6,101917.28
45,Female,Bachelor's,Business Analyst,23,138530.09
43,Male,Bachelor's,Web Developer,16,126489.95
39,Female,Bachelor's,IT Support,16,112728.19
39,Female,PhD,Director,13,194987.53
57,Female,PhD,Sales Associate,33,188097.30
51,Male,PhD,Account Manager,25,170177.20
53,Female,High School,HR Manager,28,136823.86
47,Male,PhD,VP of Operations,24,210869.26
37,Female,Master's,Senior Scientist,15,165640.68
53,Female,Master's,Senior Scientist,31,204331.27
59,Male,High School,Research Scientist,32,170067.73
52,Female,Bachelor's,Project Engineer,25,157945.84
48,Male,PhD,Marketing Manager,22,185367.80
35,Female,Bachelor's,Operations Manager,9,117322.30
34,Female,PhD,Financial Analyst,7,130856.84
44,Male,Bachelor's,VP of Operations,19,170072.89
29,Female,Bachelor's,HR Manager,6,87171.57
47,Male,PhD,Sales Manager,24,181149.96
44,Male,High School,Software Engineer,22,132342.62
40,Female,Bachelor's,Marketing Manager,15,123578.95
48,Female,PhD,Graphic Designer,21,159293.65
35,Female,Master's,Software Developer,10,120896.71
42,Male,PhD,Account Manager,15,140116.90
58,Male,PhD,Account Manager,31,191501.41
49,Male,High School,Sales Manager,23,134714.63
23,Male,PhD,Graphic Designer,1,96426.86
59,Female,High School,UX Designer,36,165705.51
44,Female,Master's,HR Manager,19,147737.68
36,Female,PhD,Sales Associate,12,129400.26
22,Female,Master's,Account Manager,0,76483.62
54,Female,Master's,Data Scientist,27,188348.23
58,Male,Bachelor's,Product Manager,31,188512.14
45,Male,Bachelor's,Content Creator,18,119559.04
56,Male,High School,Business Analyst,28,139670.70
40,Male,PhD,Operations Manager,18,168256.91
29,Female,Master's,Sales Director,2,121061.99
52,Male,PhD,Sales Director,24,210174.49
25,Male,High School,Director of Operations,0,102001.77
33,Female,High School,Product Manager,10,112264.22
43,Female,Master's,Data Scientist,15,157260.72
31,Male,Master's,Data Analyst,8,116295.81
45,Male,Bachelor's,Software Developer,22,144089.08
26,Male,Bachelor's,Sales Director,0,103639.00
35,Female,High School,Software Developer,11,100797.73
32,Male,Bachelor's,Operations Manager,4,102171.51
37,Male,High School,Senior Manager,13,114750.90
60,Male,PhD,Director,32,255205.13
41,Male,Bachelor's,IT Support,13,107062.79
29,Male,High School,Software Developer,6,81458.50
31,Female,Master's,Sales Manager,5,116407.73
33,Male,High School,Research Scientist,8,100390.20
42,Female,Bachelor's,Graphic Designer,18,121184.21
34,Female,Master's,Data Scientist,10,140785.17
37,Female,Bachelor's,Research Scientist,14,133663.77
32,Female,Master's,Director of Operations,9,150769.76
22,Female,PhD,HR Manager,0,107829.73
22,Female,Master's,Account Manager,0,78201.96
23,Female,PhD,Marketing Analyst,0,96642.68
23,Male,High School,Business Analyst,0,57564.60
26,Female,Master's,Receptionist,4,84518.28
42,Male,PhD,Engineer,15,160894.25
51,Male,Master's,Senior Scientist,23,190500.56
23,Female,Master's,Product Manager,0,109711.35
42,Male,High School,Financial Analyst,20,115740.11
32,Female,PhD,Senior Scientist,9,157972.02
46,Female,Bachelor's,Engineer,20,138059.36
49,Female,High School,Graphic Designer,26,128857.54
24,Male,High School,Data Scientist,1,77384.58
27,Female,PhD,Account Manager,4,106161.67
38,Male,Bachelor's,Marketing Analyst,13,111831.22
51,Female,PhD,Financial Analyst,26,180400.90
33,Male,Bachelor's,Sales Associate,9,93297.25
60,Male,PhD,Receptionist,35,185347.17
26,Male,High School,Graphic Designer,0,55457.02
24,Female,PhD,Senior Manager,1,129576.60
38,Female,Bachelor's,Business Analyst,11,105410.03
27,Female,High School,Receptionist,0,37544.44
55,Male,Bachelor's,Project Engineer,30,171839.28
42,Female,Bachelor's,IT Support,14,101827.87
43,Male,Bachelor's,Business Analyst,15,116863.30
37,Female,Bachelor's,Senior Scientist,10,135755.46
27,Male,High School,HR Manager,0,55868.75
32,Male,Bachelor's,Content Creator,4,73449.76
51,Female,PhD,Graphic Designer,23,165916.55
26,Female,Bachelor's,Web Developer,4,82872.96
24,Male,PhD,Senior Manager,0,126093.52
22,Male,High School,Data Scientist,0,78843.49
38,Male,Bachelor's,Marketing Manager,14,130959.36
60,Female,PhD,HR Manager,33,206784.76
57,Male,Master's,Financial Analyst,30,178298.14
25,Female,Bachelor's,Sales Director,0,104262.83
58,Male,Master's,IT Support,30,174482.97
39,Female,PhD,Project Engineer,16,165194.62
57,Male,Master's,Director of Operations,29,221442.12
53,Male,Master's,Financial Analyst,26,169180.47
22,Male,Master's,Data Scientist,0,107594.26
32,Female,Bachelor's,Marketing Manager,10,107566.95
42,Male,Bachelor's,Project Engineer,16,133542.78
42,Female,PhD,Graphic Designer,16,146909.34
27,Female,Bachelor's,Sales Associate,0,63513.15
30,Female,Bachelor's,Director of Operations,6,133704.30
31,Male,Master's,VP of Operations,6,147543.88
37,Male,Bachelor's,Product Manager,9,129547.88
31,Female,Master's,Financial Analyst,8,115645.15
51,Female,Master's,HR Manager,29,168842.32
60,Female,PhD,Sales Associate,35,203413.78
29,Male,Master's,Account Manager,3,90625.56
44,Male,High School,Senior Manager,22,142926.90
49,Male,High School,Product Manager,22,147594.01
44,Male,PhD,Sales Associate,21,158088.46
48,Female,High School,Marketing Manager,24,138378.67
29,Female,High School,Sales Manager,3,73916.51
38,Male,High School,Software Engineer,13,108547.20
27,Female,Bachelor's,Receptionist,3,60988.08
28,Male,PhD,Project Engineer,1,120331.01
27,Male,Master's,Senior Scientist,5,129898.25
53,Female,Bachelor's,Marketing Manager,29,171802.77
39,Male,Bachelor's,Marketing Analyst,11,107026.74
58,Male,Bachelor's,Sales Manager,36,193363.72
23,Female,High School,Sales Associate,0,44179.06
56,Male,High School,HR Manager,28,138378.45
36,Female,High School,Sales Manager,9,99705.54
29,Male,Bachelor's,Receptionist,7,72813.37
33,Male,Bachelor's,Director,10,150037.14
57,Female,Bachelor's,Sales Manager,30,169703.54
22,Female,Bachelor's,Research Scientist,0,91220.53
42,Female,Bachelor's,IT Support,15,110354.60
31,Male,Master's,HR Manager,6,108798.67
44,Female,Master's,Software Engineer,17,149101.04
53,Female,Master's,Data Scientist,31,203407.09
43,Male,High School,Operations Manager,17,128807.56
53,Female,High School,IT Support,25,124837.96
38,Female,Master's,Director of Operations,16,179614.28
43,Male,PhD,VP of Operations,21,202017.14
38,Male,High School,Graphic Designer,16,93805.45
29,Male,High School,Marketing Analyst,4,69137.60
24,Female,High School,Sales Manager,0,69349.97
24,Female,High School,Software Engineer,0,70985.99
25,Male,PhD,Marketing Analyst,1,102765.53
58,Male,PhD,Sales Associate,34,196555.17
23,Male,Bachelor's,Graphic Designer,0,71298.06
38,Male,High School,Senior Manager,16,129071.93
28,Female,PhD,IT Support,5,108445.51
52,Male,Master's,Marketing Manager,25,173815.95
46,Male,PhD,Web Developer,19,159872.30
37,Male,PhD,Project Engineer,15,161754.21
28,Male,Master's,Sales Associate,1,84966.70
33,Female,Bachelor's,Sales Manager,10,112806.62
29,Female,PhD,Project Engineer,1,116822.00
55,Female,High School,HR Manager,33,151713.44
27,Female,Bachelor's,Senior Scientist,0,100205.24
50,Female,PhD,Marketing Coordinator,28,180208.82
37,Female,Bachelor's,Software Engineer,11,116078.31
47,Male,Master's,Project Engineer,21,165392.32
45,Female,High School,Receptionist,17,92091.56
37,Female,Bachelor's,Software Developer,14,116874.04
40,Female,PhD,Operations Manager,18,167854.07
47,Male,Bachelor's,Senior Scientist,21,168304.17
60,Male,Master's,Financial Analyst,32,193516.40
35,Male,Bachelor's,Research Scientist,12,132325.51
47,Female,High School,Senior Scientist,25,156140.91
40,Female,Master's,VP of Operations,13,160725.37
41,Female,PhD,Senior Manager,19,184348.24
58,Female,High School,Marketing Coordinator,36,156942.18
27,Male,Master's,Sales Associate,5,97776.34
44,Male,PhD,Account Manager,17,148669.19
60,Male,High School,Data Scientist,36,185343.57
55,Male,Master's,UX Designer,33,187597.07
44,Male,High School,Software Engineer,16,122317.31
43,Female,High School,UX Designer,19,113511.61
58,Female,Bachelor's,Director,33,216490.33
27,Female,Master's,Director,0,138954.54
39,Female,Bachelor's,Sales Director,15,151789.38
31,Male,High School,Web Developer,5,77702.06
55,Female,Bachelor's,Product Manager,33,191006.08
48,Female,High School,Research Scientist,24,148335.74
36,Female,PhD,Sales Director,12,167322.62
30,Female,Master's,HR Manager,5,105825.03
22,Male,Bachelor's,Senior Scientist,0,102035.71
51,Female,Master's,Operations Manager,23,167997.46
25,Male,PhD,Data Analyst,3,110720.41
28,Female,Master's,Product Manager,2,122452.47
24,Male,PhD,Financial Analyst,1,111744.11
29,Female,Bachelor's,Software Engineer,2,88973.44
28,Male,PhD,Web Developer,5,116930.67
39,Male,PhD,Software Engineer,11,149670.50
23,Female,High School,Senior Scientist,0,89892.33
47,Female,PhD,Engineer,24,178001.46
52,Male,Master's,Research Scientist,24,183888.19
60,Male,PhD,Business Analyst,38,214742.49
23,Female,PhD,Operations Manager,0,120073.39
49,Male,PhD,Research Scientist,24,196544.34
29,Male,PhD,IT Support,3,102544.34
51,Male,Master's,Data Scientist,29,197153.45
57,Female,PhD,Marketing Analyst,31,192732.62
44,Male,Bachelor's,Software Developer,20,141013.79
43,Male,Master's,Financial Analyst,16,141208.25
43,Male,Bachelor's,Receptionist,19,108043.60
51,Male,PhD,Sales Manager,23,189531.35
26,Female,High School,IT Support,2,50491.17
51,Female,PhD,Research Scientist,29,213149.94
26,Male,PhD,Engineer,0,106950.90
50,Male,Master's,Sales Director,26,199049.21
29,Male,PhD,Project Engineer,5,130715.85
53,Female,Bachelor's,Account Manager,31,156395.41
53,Female,Bachelor's,Director of Operations,25,193283.99
50,Male,Master's,Senior Manager,24,179909.05
26,Female,PhD,Sales Manager,3,118034.35
40,Female,PhD,Operations Manager,17,172639.58
41,Female,High School,IT Support,16,99683.86
60,Male,Master's,Account Manager,36,188324.95
45,Male,Master's,Sales Manager,23,170153.10
46,Male,PhD,Financial Analyst,19,167458.29
44,Female,PhD,Research Scientist,17,174357.66
48,Male,PhD,Business Analyst,21,164180.92
45,Male,Master's,Sales Manager,19,154396.22
30,Female,High School,Director,7,124864.22
30,Male,PhD,Operations Manager,7,138248.01
57,Female,PhD,Sales Associate,33,190737.42
48,Female,PhD,Data Scientist,21,190384.61
30,Male,Bachelor's,Software Engineer,2,96857.75
32,Female,Bachelor's,Director of Operations,4,125512.85
31,Male,PhD,Data Analyst,4,118472.58
53,Female,PhD,UX Designer,26,183830.51
60,Male,Bachelor's,Product Manager,32,197664.92
36,Male,Master's,Software Engineer,13,140882.37
50,Female,High School,Director,25,185415.78
42,Male,Bachelor's,Software Developer,18,131740.53
26,Male,High School,Graphic Designer,3,62193.40
26,Female,High School,UX Designer,1,66614.78
48,Male,Master's,Sales Associate,26,153308.83
58,Male,Master's,Director,30,225572.85
48,Female,Bachelor's,Financial Analyst,24,151389.67
52,Male,High School,Product Manager,26,164822.94
60,Male,High School,Account Manager,36,161920.92
39,Female,PhD,Product Manager,15,172268.17
54,Male,PhD,Research Scientist,30,215619.73
26,Female,PhD,Business Analyst,4,110468.73
55,Male,Master's,Receptionist,30,160029.09
50,Male,High School,Business Analyst,23,123053.58
53,Female,High School,Receptionist,28,123206.34
48,Female,PhD,Financial Analyst,26,183058.51
58,Male,High School,Data Scientist,33,178668.43
54,Male,High School,Software Developer,30,149700.28
28,Male,High School,Graphic Designer,2,56507.70
33,Female,Bachelor's,HR Manager,11,109424.70
29,Male,Bachelor's,Content Creator,1,72954.98
53,Female,Master's,Sales Director,27,197045.49
32,Female,Master's,Sales Director,10,145256.81
30,Female,Bachelor's,Graphic Designer,6,89060.91
28,Male,Master's,Marketing Analyst,5,99381.84
43,Male,Master's,Director,15,184650.70
56,Female,PhD,Research Scientist,33,225544.22
40,Female,High School,Engineer,16,113506.22
60,Female,Bachelor's,VP of Operations,37,218769.00
53,Female,Master's,Sales Director,29,205949.24
31,Female,PhD,HR Manager,6,118440.96
57,Male,Bachelor's,VP of Operations,29,191703.95
56,Male,Bachelor's,UX Designer,28,160338.00
45,Female,Bachelor's,Financial Analyst,17,131240.04
28,Female,PhD,Financial Analyst,5,117554.84
42,Female,High School,HR Manager,19,116906.10
28,Male,Master's,Research Scientist,0,110889.48
30,Female,PhD,Director,2,165518.72
28,Female,Bachelor's,Software Engineer,3,95595.20
49,Female,Master's,Marketing Manager,23,165305.54
39,Female,Master's,Graphic Designer,16,129901.97
36,Male,Bachelor's,Sales Manager,8,112558.15
60,Female,High School,Senior Manager,35,177786.39
28,Male,High School,Engineer,3,74956.34
24,Female,Master's,Account Manager,0,85339.74
42,Female,Bachelor's,Project Engineer,20,141707.72
27,Male,Bachelor's,UX Designer,5,87004.56
57,Male,PhD,HR Manager,33,198699.06
52,Female,High School,Sales Associate,27,125925.68
55,Male,Master's,HR Manager,32,182775.57
51,Male,Bachelor's,Business Analyst,24,144980.21
58,Male,Bachelor's,Marketing Coordinator,31,158263.78
52,Male,PhD,Senior Manager,30,211648.39
42,Male,High School,Senior Scientist,19,143414.27
57,Male,Master's,Research Scientist,31,198466.73
24,Female,PhD,UX Designer,0,105800.39
60,Male,Master's,Data Analyst,38,206043.36
42,Male,High School,Account Manager,15,102088.02
58,Female,High School,Research Scientist,34,178290.82
37,Female,High School,Data Scientist,14,121289.72
36,Female,Bachelor's,Marketing Analyst,9,93162.28
34,Male,Master's,Marketing Analyst,7,109166.46
58,Female,Bachelor's,Director of Operations,33,208305.07
41,Female,PhD,Product Manager,15,177397.98
24,Male,PhD,Account Manager,0,101245.55
23,Male,Master's,Project Engineer,0,104459.33
35,Female,Bachelor's,Financial Analyst,7,97305.47
41,Female,PhD,Engineer,14,150898.47
45,Female,PhD,Research Scientist,21,190519.68
33,Male,Bachelor's,HR Manager,9,97174.60
24,Female,PhD,Sales Manager,0,117375.84
33,Male,Bachelor's,Marketing Analyst,10,101828.84
43,Female,Master's,Financial Analyst,18,146895.29
52,Male,Master's,Web Developer,29,176148.10
49,Male,High School,UX Designer,21,122678.83
37,Female,High School,Financial Analyst,13,100465.04
22,Female,Bachelor's,Business Analyst,0,69047.85
26,Female,Bachelor's,VP of Operations,3,114977.85
56,Female,Master's,Sales Manager,28,179571.12
42,Female,Bachelor's,Senior Manager,18,141785.39
34,Female,Master's,Director,11,171286.00
47,Male,Bachelor's,Business Analyst,21,133090.92
30,Male,High School,VP of Operations,3,99863.04
50,Female,Master's,Research Scientist,23,182365.85
28,Female,High School,Product Manager,2,85379.10
25,Male,High School,VP of Operations,0,98799.37
54,Male,High School,Senior Scientist,27,166239.45
37,Female,High School,Marketing Coordinator,12,86115.84
33,Male,Master's,Account Manager,11,116140.23
52,Male,Bachelor's,Marketing Analyst,29,155797.02
30,Female,Master's,Web Developer,4,98300.96
56,Female,Bachelor's,Sales Director,28,190859.46
46,Female,PhD,Receptionist,23,147170.08
42,Female,Bachelor's,Software Engineer,17,136111.27
59,Male,PhD,Director,33,256416.41
26,Female,High School,IT Support,0,53495.36
22,Female,Master's,Software Developer,0,95656.49
43,Female,High School,Senior Scientist,20,146046.54
30,Male,Bachelor's,Director,3,132701.40
29,Female,Master's,Software Developer,7,112086.05
46,Female,Bachelor's,IT Support,23,132579.73
38,Male,High School,Data Scientist,15,121462.36
51,Female,PhD,Graphic Designer,28,177117.68
45,Female,Master's,Research Scientist,20,164303.92
47,Male,Master's,Operations Manager,23,170110.79
29,Male,PhD,Marketing Manager,4,124264.03
26,Female,PhD,Marketing Coordinator,0,100720.95
56,Male,Bachelor's,Product Manager,28,180605.43
39,Male,PhD,Operations Manager,11,156015.96
35,Male,Master's,Sales Associate,12,118557.54
49,Male,Bachelor's,Director of Operations,23,187626.58
37,Male,PhD,Sales Manager,14,158817.73
44,Male,Bachelor's,Software Engineer,16,137635.94
29,Male,High School,Senior Scientist,6,107670.97
41,Male,PhD,Data Analyst,15,153308.76
31,Male,High School,Data Scientist,5,98163.33
56,Female,Bachelor's,Web Developer,34,175573.79
37,Male,High School,Marketing Coordinator,13,85001.39
60,Male,Master's,VP of Operations,37,229229.34
36,Female,Master's,Financial Analyst,13,133145.73
23,Male,High School,Data Analyst,0,57806.74
35,Female,PhD,Data Analyst,10,139207.20
60,Male,Bachelor's,Data Analyst,36,178717.43
59,Male,Bachelor's,Director,36,230084.47
49,Male,High School,Director,26,189365.56
51,Male,PhD,Financial Analyst,29,192123.68
35,Female,High School,Sales Associate,8,75657.79
33,Female,Master's,Sales Director,5,130211.98
57,Male,High School,Director,29,194975.27
25,Male,Master's,Engineer,0,96766.24
24,Male,Master's,Marketing Analyst,0,83842.21
33,Female,PhD,Sales Associate,5,109912.40
38,Female,Bachelor's,Marketing Coordinator,12,97230.68
53,Male,Master's,Product Manager,29,199110.90
40,Male,High School,Sales Manager,15,109470.75
24,Female,Master's,Software Developer,0,93039.13
60,Male,Bachelor's,Software Engineer,32,178896.44
51,Male,PhD,Financial Analyst,24,180341.78
37,Male,Master's,Account Manager,14,123459.55
26,Female,High School,IT Support,0,50650.14
52,Male,High School,Data Analyst,26,136832.09
54,Male,Bachelor's,Software Developer,26,158946.70
34,Female,Master's,VP of Operations,9,154649.67
35,Male,Bachelor's,HR Manager,7,98863.87
34,Male,High School,Receptionist,12,75836.39
60,Male,PhD,Sales Manager,35,220202.81
36,Female,High School,Web Developer,13,91315.50
51,Male,PhD,IT Support,27,172392.06
49,Male,High School,Senior Manager,22,146986.51
38,Female,High School,Data Analyst,14,94141.79
29,Male,High School,Web Developer,5,78347.02
33,Male,Bachelor's,Sales Director,6,124199.76
34,Male,PhD,Sales Manager,8,135623.84
54,Female,Master's,Business Analyst,26,166836.42
28,Female,Bachelor's,Research Scientist,3,102331.92
39,Female,Bachelor's,Sales Director,13,141217.62
42,Male,Master's,Receptionist,19,129380.49
22,Male,High School,Business Analyst,0,52779.98
32,Female,Master's,Research Scientist,8,130232.88
53,Male,PhD,Data Scientist,27,210852.95
60,Male,Bachelor's,Sales Associate,32,158509.60
48,Female,Bachelor's,Product Manager,23,166018.07
56,Female,Bachelor's,Receptionist,29,143834.22
44,Female,High School,Financial Analyst,17,112545.58
42,Male,High School,Sales Associate,20,112903.18
55,Female,Bachelor's,Content Creator,30,148628.20
23,Male,Bachelor's,Director of Operations,0,117703.04
54,Female,PhD,Product Manager,30,222157.67
59,Female,PhD,Director,31,248717.54
36,Male,PhD,Software Engineer,9,151053.50
24,Female,Master's,Financial Analyst,0,96500.41
42,Male,Bachelor's,Product Manager,14,141026.09
22,Female,Bachelor's,Sales Associate,0,61299.87
22,Female,Master's,Product Manager,0,111442.07
58,Female,High School,Sales Manager,32,161837.38
34,Male,Master's,Engineer,10,125352.08
38,Female,Bachelor's,Software Engineer,15,127110.77
38,Male,Bachelor's,Director,15,172337.52
26,Female,Master's,Senior Scientist,0,117325.90
48,Male,Bachelor's,Director of Operations,23,187592.93
45,Male,Bachelor's,Account Manager,23,139015.87
31,Female,High School,IT Support,8,67203.39
46,Female,Master's,Research Scientist,22,175595.60
36,Female,High School,Financial Analyst,9,85253.08
39,Female,High School,Engineer,14,100792.42
57,Female,High School,Web Developer,29,142826.21
59,Male,PhD,Sales Associate,37,209270.97
53,Male,PhD,VP of Operations,31,232264.14
45,Female,Bachelor's,Sales Associate,18,119105.08
48,Male,High School,Data Analyst,23,126909.85
30,Female,Bachelor's,IT Support,4,72907.71
34,Female,PhD,Operations Manager,10,148643.45
35,Male,Master's,Director,8,168658.25
52,Female,Master's,IT Support,30,166840.11
45,Female,Bachelor's,Senior Scientist,23,173620.07
36,Female,Bachelor's,IT Support,8,86666.52
35,Female,PhD,Research Scientist,8,153800.44
36,Male,Bachelor's,Director of Operations,10,148997.60
49,Female,Master's,Operations Manager,21,171369.57
49,Female,High School,Account Manager,21,116573.42
47,Male,Master's,Senior Scientist,23,191232.88
22,Male,Master's,Data Analyst,0,87669.38
42,Female,High School,Operations Manager,18,130642.41
36,Female,Bachelor's,Business Analyst,14,106374.61
54,Male,High School,Operations Manager,32,168553.36
26,Female,Bachelor's,Marketing Manager,0,83530.97
25,Female,High School,Content Creator,0,47012.76
30,Female,High School,HR Manager,3,66635.05
60,Male,Master's,Engineer,35,203385.32
49,Female,Bachelor's,Project Engineer,23,148457.78
52,Male,Master's,Data Scientist,25,189508.67
46,Male,High School,Content Creator,23,120212.93
29,Male,Master's,Software Developer,4,109474.73
59,Female,High School,Account Manager,34,152871.32
51,Female,High School,Graphic Designer,23,120450.96
42,Female,Master's,VP of Operations,19,180077.58
43,Female,Bachelor's,Senior Manager,15,142369.40
37,Female,PhD,Director of Operations,15,186775.99
51,Male,High School,IT Support,24,124119.35
51,Male,High School,Sales Manager,26,149975.10
29,Male,PhD,Product Manager,5,142457.63
39,Female,Master's,Receptionist,16,118355.91
32,Male,High School,Sales Director,5,100384.22
53,Female,PhD,Senior Manager,29,212333.71
43,Female,PhD,UX Designer,21,173282.94
29,Male,Bachelor's,Data Analyst,1,82530.62
51,Male,High School,Business Analyst,24,132632.11
47,Female,Master's,Data Scientist,24,182713.94
34,Female,Master's,VP of Operations,12,154967.99
26,Male,Master's,Director of Operations,1,132338.55
58,Male,Master's,UX Designer,33,186963.99
51,Female,PhD,Receptionist,29,168703.04
51,Male,High School,Web Developer,25,134442.76
24,Female,PhD,Graphic Designer,0,94508.86
40,Female,High School,Sales Associate,15,92485.79
34,Female,Bachelor's,HR Manager,8,102488.37
38,Male,Master's,Sales Director,14,162412.66
42,Male,PhD,Marketing Manager,18,171573.29
57,Male,PhD,Graphic Designer,31,192631.82
53,Female,Bachelor's,Business Analyst,28,150243.62
41,Female,Bachelor's,Account Manager,15,114577.92
28,Male,Bachelor's,Senior Scientist,6,125078.56
26,Male,High School,IT Support,4,62142.62
37,Male,Bachelor's,Data Analyst,14,117522.13
56,Male,Master's,HR Manager,29,178165.73
46,Female,High School,Engineer,19,117855.45
47,Female,Bachelor's,Account Manager,25,141393.38
25,Female,High School,Senior Scientist,0,86751.08
31,Female,Bachelor's,Receptionist,5,66159.62
33,Male,Bachelor's,Sales Associate,6,80011.25
50,Female,PhD,Research Scientist,27,204066.80
49,Female,Bachelor's,Account Manager,27,142890.25
27,Male,Bachelor's,Financial Analyst,3,90774.98
28,Male,High School,Sales Manager,2,74802.31
52,Male,Master's,Engineer,28,175623.33
52,Male,Master's,Senior Manager,25,188499.38
45,Male,PhD,Sales Associate,22,162916.33
59,Male,Bachelor's,Software Engineer,33,180634.84
32,Male,Master's,Account Manager,10,114043.73
52,Female,PhD,Engineer,24,183851.71
59,Female,High School,Financial Analyst,36,164014.36
55,Female,Bachelor's,IT Support,32,157279.70
36,Female,Bachelor's,Web Developer,13,114989.71
57,Male,Bachelor's,Senior Scientist,33,204238.08
55,Male,Master's,Director of Operations,27,214491.17
44,Female,Master's,Project Engineer,22,164282.14
30,Female,Bachelor's,VP of Operations,8,128625.27
56,Female,Master's,Software Engineer,33,198820.04
30,Male,Master's,Sales Manager,7,116646.04
22,Male,PhD,Director,0,154112.08
46,Female,PhD,Account Manager,18,147085.37
43,Male,Master's,Business Analyst,21,148700.47
48,Female,Bachelor's,Business Analyst,26,148951.53
31,Female,Master's,Marketing Manager,5,113064.50
22,Male,PhD,VP of Operations,0,135293.60
51,Male,High School,Data Analyst,24,130814.46
41,Female,PhD,Director,19,205450.92
28,Male,PhD,Engineer,0,113170.06
25,Male,PhD,Receptionist,0,88179.98
59,Male,Master's,Project Engineer,36,202279.73
22,Female,High School,IT Support,0,51685.79
44,Male,PhD,Director of Operations,17,198441.97
24,Male,PhD,Director,0,155090.03
31,Female,High School,Content Creator,4,58492.29
31,Male,Bachelor's,Operations Manager,4,106562.45
58,Male,Bachelor's,Project Engineer,36,189060.86
33,Male,High School,Research Scientist,7,98918.40
32,Female,Bachelor's,IT Support,8,86052.12
27,Female,PhD,Software Developer,4,119156.91
53,Female,High School,Marketing Manager,31,160207.70
33,Female,Master's,Account Manager,8,104105.13
45,Female,Master's,Senior Manager,19,165622.03
47,Male,High School,IT Support,22,118462.86
32,Male,PhD,Research Scientist,4,142170.37
40,Male,Bachelor's,Project Engineer,17,132718.43
45,Female,PhD,Content Creator,17,146571.96
53,Female,High School,Graphic Designer,26,123748.29
30,Female,Bachelor's,Account Manager,4,82177.29
35,Female,Bachelor's,Marketing Analyst,12,105846.20
52,Male,PhD,Content Creator,25,173795.33
60,Male,Bachelor's,Director of Operations,38,229847.30
39,Female,PhD,IT Support,11,123615.93
56,Female,Master's,Content Creator,32,168828.89
59,Male,Master's,Data Analyst,34,192093.18
51,Female,Master's,Graphic Designer,23,150787.12
47,Male,Master's,Data Scientist,25,187200.87
26,Male,Master's,Senior Scientist,0,125688.76
44,Male,High School,Product Manager,17,136902.81
28,Female,PhD,Senior Manager,1,124500.84
25,Female,Bachelor's,Content Creator,3,75437.51
58,Male,Master's,Receptionist,33,170055.57
46,Female,Master's,Data Analyst,24,158993.39
24,Female,Master's,Director of Operations,2,134476.93
59,Male,Bachelor's,Data Analyst,33,168256.71
37,Female,Master's,Graphic Designer,12,116271.71
22,Male,Master's,Data Scientist,0,112893.93
28,Female,Master's,Account Manager,4,96585.43
54,Male,Master's,UX Designer,28,172577.21
54,Female,High School,Senior Scientist,31,179418.08
28,Female,PhD,Business Analyst,3,110629.94
45,Male,PhD,UX Designer,19,168685.89
45,Male,Bachelor's,Account Manager,23,138354.15
58,Male,Bachelor's,Software Engineer,35,194433.99
50,Male,Master's,Engineer,26,167973.91
40,Female,PhD,Data Scientist,16,175882.88
58,Male,High School,Web Developer,36,168983.24
51,Male,Bachelor's,UX Designer,26,158849.02
36,Male,High School,Senior Manager,14,117157.85
52,Male,PhD,Receptionist,30,173354.63
50,Male,PhD,Web Developer,26,182714.85
23,Female,High School,Web Developer,0,56169.20
48,Male,Master's,Marketing Analyst,24,159970.92
24,Female,Master's,Sales Associate,0,81395.62
40,Female,High School,Marketing Coordinator,14,94925.41
52,Female,High School,Senior Scientist,27,167169.72
60,Female,High School,Marketing Analyst,33,148681.02
27,Male,Master's,Software Developer,0,98759.33
32,Female,Master's,Software Engineer,9,131281.61
58,Female,High School,Senior Scientist,36,191801.95
49,Male,PhD,Account Manager,27,179119.21
24,Female,Bachelor's,Graphic Designer,0,71284.43
41,Female,Bachelor's,Marketing Coordinator,19,122066.76
54,Male,High School,Data Analyst,29,143783.39
50,Female,High School,VP of Operations,24,168577.74
38,Male,Master's,Data Analyst,15,134913.73
35,Female,PhD,Director of Operations,7,168781.33
35,Female,High School,Sales Director,13,122891.00
45,Female,High School,Director,17,156972.93
55,Male,High School,Data Analyst,27,135956.69
57,Male,PhD,Data Scientist,33,227240.16
27,Female,Bachelor's,Sales Manager,0,86953.36
42,Female,Bachelor's,Sales Manager,17,129692.69
34,Male,PhD,UX Designer,11,143463.48
41,Male,Master's,Account Manager,19,140747.92
60,Male,High School,IT Support,34,147454.77
49,Male,PhD,HR Manager,25,182940.52
24,Female,Bachelor's,Business Analyst,0,73902.68
56,Female,High School,VP of Operations,34,191388.17
60,Female,Master's,HR Manager,37,196131.69
38,Female,Master's,Account Manager,10,113207.04
34,Female,High School,Marketing Manager,9,93987.63
28,Male,High School,Account Manager,1,51695.67
38,Male,PhD,Software Engineer,12,150853.17
24,Male,PhD,Data Scientist,0,128582.36
60,Female,Bachelor's,Content Creator,36,164287.08
31,Male,Bachelor's,Marketing Analyst,9,95963.87
32,Male,High School,Senior Scientist,10,114190.27
25,Male,Master's,Marketing Manager,3,104553.80
34,Female,PhD,Product Manager,12,159196.95
58,Male,Master's,Account Manager,35,183007.03
34,Female,Bachelor's,Marketing Manager,7,105611.78
54,Male,Bachelor's,Software Developer,27,161919.52
31,Male,Master's,Product Manager,8,137153.08
34,Female,High School,UX Designer,8,80571.96
30,Female,PhD,Graphic Designer,8,120667.25
31,Male,Bachelor's,Data Analyst,6,92077.91
34,Female,High School,Project Engineer,11,104737.35
41,Female,High School,Sales Associate,17,96580.32
25,Male,Bachelor's,Engineer,1,85274.23
58,Female,Master's,VP of Operations,32,221757.23
32,Male,Master's,Content Creator,5,96097.28
54,Male,PhD,HR Manager,28,185900.96
40,Male,High School,IT Support,13,92495.95
35,Male,Bachelor's,Marketing Manager,7,102646.41
23,Male,Master's,Web Developer,0,92551.87
24,Male,PhD,HR Manager,1,107207.06
30,Female,Bachelor's,Software Engineer,2,92071.32
42,Female,High School,Graphic Designer,14,89929.39
43,Male,High School,Director,17,161158.96
27,Female,Master's,Sales Associate,4,86473.90
53,Male,Master's,Operations Manager,25,180127.62
28,Female,High School,Marketing Analyst,0,53200.08
50,Female,High School,Product Manager,25,155677.80
25,Female,Bachelor's,Product Manager,0,93969.98
60,Female,Bachelor's,Data Analyst,34,177682.80
53,Male,Bachelor's,Graphic Designer,31,156765.44
25,Female,Master's,Web Developer,0,84468.21
41,Male,Bachelor's,Director of Operations,16,164827.18
48,Male,High School,UX Designer,25,133637.01
44,Male,High School,Senior Scientist,20,151842.16
38,Male,High School,Marketing Manager,10,99023.95
40,Female,Bachelor's,UX Designer,17,127718.48
49,Male,Bachelor's,Marketing Analyst,26,146412.51
31,Female,Bachelor's,Director of Operations,9,138141.79
37,Male,Master's,Sales Associate,15,124742.26
42,Female,High School,IT Support,18,102319.39
47,Female,Master's,Sales Manager,20,163545.43
31,Male,High School,Content Creator,8,71533.16
24,Male,High School,Sales Associate,0,48197.26
51,Female,High School,Engineer,26,140533.71
44,Female,Master's,Content Creator,19,137132.60
54,Female,Master's,Data Scientist,26,182152.46
57,Male,PhD,Content Creator,33,196670.48
33,Female,High School,Graphic Designer,5,65890.36
45,Male,Bachelor's,Product Manager,17,151363.55
38,Male,PhD,Senior Manager,14,163115.98
44,Female,Master's,Business Analyst,17,135456.65
23,Female,High School,Software Developer,1,67983.82
33,Female,PhD,Content Creator,9,120831.87
40,Female,Master's,Receptionist,17,115814.41
60,Female,Master's,Receptionist,35,170674.14
47,Male,Bachelor's,Business Analyst,24,142408.66
27,Female,High School,Web Developer,0,62348.99
58,Male,Bachelor's,Financial Analyst,33,171599.45
49,Male,Master's,Marketing Coordinator,23,145956.94
32,Female,Bachelor's,Financial Analyst,8,95917.22
47,Female,Bachelor's,UX Designer,24,146130.05
35,Male,PhD,Business Analyst,10,129159.48
50,Male,Bachelor's,Marketing Analyst,25,145586.83
54,Female,PhD,Sales Associate,30,183095.21
28,Male,Master's,Data Analyst,5,104528.31
23,Male,High School,Operations Manager,0,70865.12
54,Male,PhD,Software Developer,28,194076.37
26,Male,High School,Marketing Analyst,4,67849.36
32,Female,Bachelor's,Marketing Analyst,6,88791.62
29,Female,PhD,Business Analyst,3,108242.52
41,Male,High School,Business Analyst,13,92958.00
36,Female,Master's,Research Scientist,14,150408.80
57,Female,Bachelor's,Product Manager,33,193216.39
39,Female,Master's,IT Support,14,121448.71
34,Male,High School,Sales Associate,8,76086.14
52,Female,High School,Software Engineer,26,146373.63
33,Female,PhD,Receptionist,7,104096.86
48,Female,Master's,Senior Manager,21,169175.59
26,Male,Bachelor's,Engineer,3,85887.30
56,Female,Master's,Senior Manager,32,198692.51
42,Male,Bachelor's,Graphic Designer,20,121726.32
29,Female,Master's,Research Scientist,5,121775.68
44,Female,Bachelor's,Content Creator,22,131353.79
30,Male,Bachelor's,Sales Manager,3,99814.37
46,Female,High School,IT Support,18,101319.83
52,Female,Bachelor's,Engineer,28,160472.64
58,Male,Master's,Data Scientist,35,211123.57
56,Female,Master's,Senior Manager,28,191627.45
24,Female,Bachelor's,Sales Director,0,107431.70
35,Male,Bachelor's,Director of Operations,8,136198.42
59,Female,PhD,VP of Operations,37,251849.16
59,Female,PhD,Project Engineer,32,207737.03
31,Female,PhD,Data Scientist,4,137428.59
37,Female,Bachelor's,Content Creator,9,93204.13
56,Female,PhD,Marketing Coordinator,29,179504.89
26,Female,High School,Sales Director,0,89008.27
35,Male,Master's,Operations Manager,13,142012.07
47,Female,Master's,Receptionist,21,135927.38
30,Male,PhD,VP of Operations,6,158356.63
53,Male,Master's,Sales Director,26,193292.62
41,Male,PhD,Receptionist,16,133359.93
40,Male,Bachelor's,Director of Operations,15,158347.96
60,Male,PhD,Project Engineer,35,221247.06
34,Male,Bachelor's,Business Analyst,7,93535.74
57,Male,High School,Sales Director,34,191556.44
57,Female,Bachelor's,Web Developer,30,158235.62
42,Female,Master's,Engineer,19,150274.83
55,Male,PhD,Senior Manager,28,204928.89
56,Female,High School,Sales Associate,28,132873.65
60,Male,PhD,Software Developer,34,210330.80
47,Female,Bachelor's,Content Creator,25,140389.41
27,Male,Bachelor's,Content Creator,1,63720.54
35,Female,Master's,Data Analyst,8,114473.53
59,Female,Master's,Operations Manager,34,202843.93
40,Male,PhD,Director of Operations,17,196279.38
43,Male,Bachelor's,Data Scientist,21,155722.70
30,Female,PhD,Web Developer,2,110002.17
56,Female,Bachelor's,HR Manager,33,170635.64
38,Female,Bachelor's,Graphic Designer,13,107822.19
31,Female,Master's,Web Developer,8,109148.59
30,Male,High School,Operations Manager,8,93010.45
39,Female,Master's,Marketing Analyst,15,132119.88
40,Male,PhD,Account Manager,18,152127.58
56,Female,PhD,Operations Manager,33,216610.17
47,Female,PhD,Sales Director,19,189711.25
45,Male,Master's,Software Engineer,22,164163.85
58,Female,PhD,Research Scientist,35,227033.68
39,Male,Bachelor's,Marketing Analyst,14,111023.98
32,Female,High School,Sales Director,7,105764.47
30,Male,Master's,Senior Scientist,5,136293.13
54,Female,PhD,Senior Manager,31,219092.04
34,Male,PhD,Marketing Manager,7,134246.94
32,Male,High School,Project Engineer,5,80670.59
56,Male,High School,Sales Manager,29,154228.49
49,Male,Master's,Senior Manager,22,176190.14
58,Female,High School,Web Developer,31,149587.45
50,Female,High School,Engineer,24,135268.37
31,Male,Master's,HR Manager,7,110657.78
44,Female,Master's,Senior Manager,21,175198.51
23,Male,PhD,Software Engineer,0,119059.30
23,Female,Master's,Software Engineer,0,104075.70
40,Male,PhD,Marketing Analyst,14,143602.95
23,Male,Bachelor's,Sales Associate,0,66474.37
47,Female,Master's,Sales Director,22,183739.34
32,Female,PhD,Marketing Coordinator,9,121011.05
42,Female,Bachelor's,Marketing Manager,15,133116.57
43,Female,High School,Sales Manager,21,133394.31
33,Male,High School,Data Scientist,7,101158.59
43,Female,PhD,Marketing Coordinator,15,138955.48
51,Male,Bachelor's,Account Manager,25,138279.86
37,Male,Master's,Marketing Manager,12,138406.51
25,Male,Master's,Research Scientist,0,112727.71
39,Female,High School,Business Analyst,13,97562.91
44,Female,Master's,Senior Manager,20,172669.59
31,Male,Master's,Senior Scientist,5,137845.17
45,Female,High School,VP of Operations,23,162853.91
50,Female,Master's,Product Manager,26,189206.58
33,Male,Master's,HR Manager,9,120661.84
38,Female,Bachelor's,Graphic Designer,15,106591.36
39,Male,Bachelor's,Software Engineer,13,123371.13
47,Female,High School,Director of Operations,23,165127.45
48,Male,High School,Sales Manager,20,134279.80
25,Male,Bachelor's,Sales Director,3,110705.54
29,Male,PhD,Project Engineer,5,128893.07
48,Female,Bachelor's,HR Manager,22,141610.60
48,Male,Bachelor's,Engineer,20,144877.97
43,Female,PhD,Director,17,202875.69
28,Female,Master's,Marketing Analyst,6,98868.44
28,Male,Master's,Business Analyst,2,93749.92
33,Male,PhD,Director of Operations,9,175330.10
32,Male,High School,Financial Analyst,4,80244.55
60,Male,High School,Marketing Analyst,35,157926.52
46,Female,High School,Software Engineer,23,140717.71
34,Female,High School,Research Scientist,7,97260.23
47,Male,High School,Marketing Coordinator,24,124820.01
23,Male,PhD,Operations Manager,0,122945.83
42,Male,PhD,Content Creator,17,150155.12
32,Male,Master's,Content Creator,7,98418.55
38,Male,Bachelor's,Sales Associate,15,105362.92
49,Male,High School,Graphic Designer,25,128788.75
30,Male,PhD,Director,5,173665.16
58,Male,Bachelor's,Sales Associate,32,155746.85
35,Male,Master's,Senior Scientist,11,149697.57
56,Female,Master's,UX Designer,31,186230.00
52,Female,PhD,Account Manager,30,189267.13
31,Male,Bachelor's,Graphic Designer,3,76718.46
52,Male,Master's,Sales Director,27,204705.03
52,Male,Master's,HR Manager,27,174199.25
46,Female,PhD,IT Support,22,160735.97
44,Male,High School,Account Manager,16,96162.47
58,Female,High School,Project Engineer,31,162329.48
32,Male,High School,Sales Associate,8,69869.38
42,Female,High School,Graphic Designer,20,113783.53
52,Male,Master's,IT Support,28,166577.26
46,Female,Master's,Senior Manager,22,172224.53
59,Female,High School,Marketing Coordinator,31,141400.20
50,Male,Master's,Marketing Manager,27,177538.36
48,Female,Master's,Sales Manager,20,158092.25
28,Male,Bachelor's,Business Analyst,2,74412.45
39,Male,Master's,Director,17,184877.52
51,Male,Bachelor's,Sales Manager,26,159300.87
37,Male,Master's,Business Analyst,12,124577.61
32,Female,High School,Senior Manager,8,103958.02
49,Female,PhD,Sales Associate,23,166517.24
41,Male,Bachelor's,Software Engineer,18,138437.83
24,Female,High School,Sales Director,0,83438.59
54,Female,Bachelor's,Director of Operations,28,196101.46
28,Male,Master's,Senior Manager,3,123439.35
39,Female,High School,Director,15,147453.44
51,Female,Master's,Sales Director,23,191224.44
45,Female,Master's,Research Scientist,23,177345.01
38,Male,Bachelor's,Financial Analyst,12,113276.63
47,Female,PhD,UX Designer,22,175724.23
42,Female,Bachelor's,Senior Manager,14,136449.80
30,Male,Master's,Operations Manager,8,131060.73
43,Male,Bachelor's,Marketing Analyst,17,120462.81
45,Male,PhD,Operations Manager,17,167879.37
35,Male,Bachelor's,Content Creator,12,96303.44
34,Male,High School,Marketing Coordinator,11,82869.77
55,Male,Master's,Software Developer,31,185916.33
37,Male,High School,Receptionist,12,74170.87
23,Male,High School,Software Developer,0,67104.95
41,Male,Master's,Data Analyst,13,134861.79
56,Female,Bachelor's,Senior Manager,29,177689.17
28,Female,High School,Director,5,119898.41
54,Female,Master's,Sales Associate,30,171969.21
45,Female,High School,Project Engineer,21,128484.28
59,Female,High School,VP of Operations,37,202241.16
48,Male,Master's,Account Manager,25,154238.17
43,Female,Master's,Senior Scientist,19,172812.23
33,Female,PhD,VP of Operations,5,151706.95
56,Female,Bachelor's,Sales Associate,29,152123.06
23,Male,Master's,Web Developer,0,92817.52
54,Male,Master's,Marketing Analyst,27,164311.07
23,Male,PhD,Web Developer,0,107046.43
22,Male,PhD,Director,0,156832.42
38,Male,PhD,Sales Associate,15,143221.40
42,Female,Master's,Receptionist,17,118161.91
50,Female,High School,Director of Operations,27,175799.68
60,Male,Bachelor's,Director,35,223719.01
42,Female,PhD,Marketing Manager,15,160507.48
30,Male,Master's,Marketing Coordinator,5,94797.47
40,Female,PhD,Product Manager,15,174897.47
53,Male,Master's,Operations Manager,27,180629.66
46,Female,Bachelor's,Product Manager,24,168209.92
24,Male,PhD,Senior Scientist,0,138222.99
58,Male,High School,Project Engineer,30,159955.05
55,Female,PhD,Account Manager,28,176343.07
25,Male,Master's,Software Developer,0,94087.53
55,Female,PhD,Product Manager,27,209123.55
27,Female,High School,Marketing Analyst,5,72592.38
50,Male,Bachelor's,Software Developer,22,150323.26
34,Female,PhD,Operations Manager,7,144754.28
51,Male,High School,Project Engineer,26,147938.04
49,Male,PhD,Senior Scientist,21,201020.95
60,Female,PhD,Data Analyst,32,198703.26
25,Male,Master's,Marketing Manager,1,103074.37
56,Female,PhD,Project Engineer,32,208400.42
46,Male,High School,Data Scientist,23,145931.98
34,Female,PhD,Software Engineer,6,137048.32
29,Male,Master's,Research Scientist,5,127017.08
36,Female,Master's,Product Manager,14,157523.09
35,Male,High School,IT Support,10,79380.92
59,Male,Bachelor's,Marketing Manager,36,188685.31
41,Male,High School,Senior Scientist,15,132908.25
37,Male,PhD,UX Designer,15,150727.06
27,Female,High School,Financial Analyst,1,63666.49
57,Female,High School,Content Creator,31,144514.50
51,Female,PhD,VP of Operations,24,210804.42
34,Female,PhD,Sales Manager,10,140836.47
48,Male,High School,Operations Manager,22,136017.90
59,Male,High School,Sales Manager,32,163522.75
35,Female,Master's,Senior Manager,9,139773.18
38,Male,PhD,Senior Manager,13,166344.90
26,Male,Master's,Sales Manager,3,107033.21
23,Male,Bachelor's,Marketing Analyst,0,72412.28
22,Female,Bachelor's,UX Designer,0,72747.06
40,Female,High School,Director,13,145821.63
28,Male,Master's,IT Support,5,91611.12
43,Male,Bachelor's,Sales Manager,18,137093.07
26,Female,High School,IT Support,2,49669.12
35,Female,Master's,Director of Operations,7,147310.76
47,Female,Bachelor's,Data Scientist,20,150338.25
55,Female,Master's,Sales Associate,28,167792.38
36,Male,High School,Marketing Coordinator,8,78912.54
39,Male,PhD,Receptionist,16,131410.54
27,Female,Master's,Graphic Designer,3,91871.78
45,Male,PhD,Data Analyst,21,171111.60
59,Male,PhD,Senior Manager,37,237110.57
30,Male,Bachelor's,Data Scientist,6,110506.72
39,Female,Bachelor's,Business Analyst,13,113361.69
53,Male,High School,Web Developer,25,139012.89
28,Male,High School,Content Creator,4,61385.49
33,Male,PhD,Director of Operations,8,171248.14
59,Male,PhD,Financial Analyst,36,219152.43
30,Male,PhD,Software Developer,2,117938.95
51,Female,High School,HR Manager,24,133316.65
34,Male,Bachelor's,Operations Manager,12,122508.58
49,Female,PhD,UX Designer,26,184144.48
40,Male,PhD,Data Analyst,15,152135.28
60,Male,Bachelor's,Sales Associate,33,164234.59
27,Male,Bachelor's,Marketing Manager,0,88850.27
25,Male,Bachelor's,Sales Manager,3,96426.73
49,Male,Master's,Data Scientist,26,185689.65
35,Male,PhD,Engineer,12,144973.63
22,Female,High School,Content Creator,0,43291.47
24,Female,High School,Software Developer,0,67777.64
38,Female,High School,Account Manager,16,94440.24
58,Male,Bachelor's,Data Analyst,35,174095.30
41,Female,High School,Business Analyst,13,99562.56
28,Female,PhD,Marketing Coordinator,1,96120.98
51,Female,High School,Director of Operations,29,184126.32
48,Female,PhD,Software Engineer,26,195581.93
46,Female,Master's,VP of Operations,21,184572.45
31,Female,Master's,VP of Operations,7,143649.76
26,Male,PhD,VP of Operations,2,148377.95
54,Female,Master's,Marketing Coordinator,30,166858.79
44,Female,PhD,Project Engineer,21,180643.93
23,Male,Bachelor's,Engineer,0,76061.87
55,Female,PhD,Sales Associate,28,175239.86
54,Female,Master's,Director of Operations,27,214036.22
44,Female,PhD,HR Manager,19,163431.94
26,Female,High School,HR Manager,3,63253.45
26,Male,Bachelor's,Operations Manager,2,96843.22
35,Male,Master's,Sales Director,9,151879.23
27,Female,Master's,Operations Manager,2,106760.17
27,Female,Master's,Financial Analyst,5,109555.13
40,Male,Bachelor's,Graphic Designer,13,104312.84
38,Female,High School,Product Manager,15,128281.81
49,Male,High School,Data Analyst,22,121490.74
48,Female,Master's,Marketing Manager,22,163898.27
59,Female,PhD,Receptionist,34,186892.01
55,Male,PhD,Content Creator,28,175237.21
28,Female,Bachelor's,Research Scientist,1,96039.04
51,Male,Master's,Web Developer,28,175811.40
41,Female,Bachelor's,Director,15,164604.96
60,Female,PhD,Financial Analyst,32,204658.31
29,Female,PhD,Marketing Manager,2,123814.05
42,Female,Master's,Business Analyst,15,130341.27
50,Female,PhD,Sales Director,27,218003.97
48,Female,Bachelor's,Project Engineer,25,158335.61
43,Male,Master's,Sales Associate,19,132810.75
32,Male,PhD,Product Manager,4,140740.45
53,Female,Bachelor's,Web Developer,29,158785.51
44,Female,Master's,Senior Scientist,20,181815.34
23,Male,PhD,UX Designer,0,108730.75
43,Male,Master's,Senior Scientist,15,170448.64
51,Female,High School,Business Analyst,23,119638.07
58,Male,Bachelor's,Graphic Designer,36,170735.75
45,Male,PhD,Research Scientist,20,189292.15
36,Female,Bachelor's,Data Scientist,13,129632.56
43,Female,PhD,VP of Operations,16,184264.77
41,Female,High School,Marketing Coordinator,16,97276.56
60,Male,Master's,Sales Director,37,224291.35
53,Male,Bachelor's,Sales Associate,30,150344.71
59,Male,Master's,Data Scientist,36,217869.70
31,Female,PhD,Data Analyst,4,117007.36
24,Male,Master's,Graphic Designer,0,79772.92
44,Female,Master's,Business Analyst,18,143812.36
46,Female,High School,HR Manager,18,107381.81
38,Male,Bachelor's,Sales Director,16,147064.19
47,Female,Master's,IT Support,21,137669.98
56,Male,Master's,Operations Manager,29,189764.71
44,Female,Bachelor's,Data Analyst,21,130205.59
34,Female,Master's,Marketing Analyst,10,119945.09
44,Male,Bachelor's,HR Manager,21,137309.14
26,Female,High School,Engineer,2,64080.51
29,Female,Master's,Senior Scientist,6,134332.58
59,Male,Bachelor's,Director of Operations,33,212194.58
49,Female,Bachelor's,Director,22,192172.78
59,Male,PhD,Content Creator,33,195680.08
38,Male,PhD,Project Engineer,14,155043.55
32,Female,Master's,Web Developer,8,114311.54
58,Female,PhD,Account Manager,34,195899.17
30,Male,High School,Software Engineer,8,92726.43
31,Female,Master's,Data Scientist,7,130995.53
52,Male,PhD,Receptionist,26,164864.72
60,Male,Master's,Marketing Manager,33,197682.83
29,Male,Bachelor's,Engineer,3,92193.32
48,Female,PhD,Marketing Analyst,26,175959.98
46,Female,High School,Account Manager,21,115077.48
54,Female,Master's,Senior Scientist,27,199318.01
41,Female,Bachelor's,Project Engineer,13,123074.23
47,Female,Master's,Operations Manager,21,168333.12
35,Male,Bachelor's,Director of Operations,7,139645.47
50,Female,High School,VP of Operations,27,167292.46
40,Female,Bachelor's,UX Designer,17,123432.86
33,Female,High School,Data Analyst,7,82623.96
37,Female,Bachelor's,Sales Director,14,146910.98
53,Female,Bachelor's,Marketing Coordinator,26,140858.70
56,Male,PhD,Data Scientist,29,213290.44
37,Male,PhD,Business Analyst,13,141372.86
30,Male,High School,Senior Scientist,2,93062.71
56,Female,PhD,Marketing Coordinator,29,178305.89
47,Male,Bachelor's,Sales Director,21,165593.17
27,Female,Master's,Director,2,141848.52
26,Female,Master's,Senior Manager,2,117321.68
51,Female,PhD,Sales Associate,25,173235.22
59,Female,Bachelor's,UX Designer,36,180114.94
27,Female,PhD,Software Developer,5,123316.91
58,Male,High School,Business Analyst,36,159004.40
48,Male,High School,Director of Operations,25,172979.58
31,Female,Bachelor's,Account Manager,8,87011.91
46,Male,High School,HR Manager,21,117140.07
56,Male,High School,Web Developer,31,153102.55
44,Female,High School,Data Scientist,18,131050.47
42,Female,High School,Content Creator,15,93550.36
51,Male,High School,Business Analyst,27,137572.22
48,Male,Master's,Marketing Analyst,25,156219.37
45,Male,Bachelor's,VP of Operations,18,167922.27
47,Male,Bachelor's,Business Analyst,20,133270.44
27,Male,Bachelor's,HR Manager,1,82142.96
48,Male,Master's,Receptionist,20,125858.41
49,Female,Bachelor's,Marketing Analyst,25,144556.23
30,Female,Master's,Data Analyst,4,99434.91
40,Female,Master's,Graphic Designer,14,125409.26
51,Female,Master's,Financial Analyst,26,168461.82
46,Female,PhD,Financial Analyst,21,173752.26
33,Male,Master's,Director,6,155674.24
41,Male,PhD,Data Scientist,13,162643.67
48,Female,PhD,Director,21,221016.73
33,Male,High School,Engineer,11,98037.29
50,Male,PhD,Account Manager,25,175304.27
45,Male,High School,Director,23,174664.75
52,Male,PhD,Data Scientist,30,209434.16
50,Female,PhD,Project Engineer,27,197212.89
22,Female,PhD,Project Engineer,0,118258.34
22,Female,Bachelor's,HR Manager,0,77549.75
47,Female,Master's,Sales Associate,21,146273.32
34,Male,High School,Senior Scientist,8,117546.30
31,Male,Master's,Business Analyst,4,104744.39
42,Male,Master's,Senior Manager,19,170001.70
41,Female,High School,Receptionist,15,78449.87
60,Female,PhD,Marketing Analyst,33,194797.17
24,Female,PhD,Business Analyst,0,97975.89
23,Female,PhD,Software Engineer,0,112441.88
31,Female,Master's,HR Manager,7,105127.13
23,Male,High School,Marketing Manager,0,67421.71
31,Male,High School,Engineer,9,87073.45
43,Male,PhD,Financial Analyst,21,168888.25
30,Female,Master's,Sales Director,2,129599.16
27,Male,Master's,Financial Analyst,4,100967.91
49,Male,Master's,Marketing Analyst,26,166834.05
47,Male,Bachelor's,Graphic Designer,21,129945.97
60,Female,Master's,Research Scientist,36,212347.56
57,Female,Bachelor's,Director of Operations,32,204013.26
48,Female,PhD,Operations Manager,21,180789.52
37,Female,PhD,Account Manager,13,136451.61
25,Male,High School,VP of Operations,3,105789.30
27,Female,Bachelor's,Sales Director,2,112626.10
34,Female,PhD,VP of Operations,8,160782.46
22,Male,Master's,Marketing Manager,0,103810.57
53,Male,High School,Marketing Coordinator,30,136800.40
30,Male,Bachelor's,Senior Manager,7,116380.62
57,Female,Bachelor's,Content Creator,30,153693.78
34,Female,High School,Director of Operations,10,128289.99
45,Male,Bachelor's,Receptionist,23,121133.65
29,Female,Master's,Sales Associate,7,97794.82
43,Female,Master's,Marketing Coordinator,16,126602.06
49,Female,Bachelor's,Sales Associate,25,139811.73
29,Female,Bachelor's,Senior Manager,6,107036.54
45,Male,Bachelor's,UX Designer,22,141615.43
27,Female,Bachelor's,Senior Scientist,2,104799.04
52,Female,PhD,Director of Operations,28,222595.10
38,Male,Bachelor's,Engineer,14,122744.06
36,Female,High School,Software Developer,10,93646.12
46,Male,PhD,Receptionist,21,151769.80
27,Female,Master's,UX Designer,2,96540.73
29,Female,PhD,Web Developer,2,113925.99
22,Female,High School,Product Manager,0,85958.03
25,Male,PhD,Sales Director,0,138913.35
32,Male,Master's,Marketing Coordinator,5,100507.27
54,Male,Master's,Product Manager,32,206546.08
47,Female,Bachelor's,Content Creator,20,123950.77
58,Male,Bachelor's,Director of Operations,32,208035.76
42,Female,Master's,Content Creator,16,129574.87
60,Male,High School,Business Analyst,32,150319.92
52,Male,Master's,Receptionist,27,154384.31
26,Male,Master's,Engineer,0,92117.13
42,Male,High School,Engineer,17,113092.74
53,Male,Master's,UX Designer,29,180955.29
36,Female,Bachelor's,Web Developer,13,106532.23
48,Female,High School,Sales Manager,22,131400.97
40,Female,Master's,Marketing Manager,16,149577.72
25,Male,High School,Product Manager,0,79960.87
53,Female,High School,Financial Analyst,26,142069.27
24,Male,Bachelor's,Web Developer,0,72888.65
24,Male,Bachelor's,Engineer,0,79758.08
34,Male,High School,Content Creator,9,73557.99
28,Male,Bachelor's,VP of Operations,1,112402.32
24,Male,Bachelor's,Sales Associate,0,63197.60
41,Male,Bachelor's,Data Scientist,17,140070.43
32,Female,Master's,Senior Scientist,10,144536.05
38,Female,High School,Sales Director,15,130885.39
52,Male,Bachelor's,Project Engineer,27,164379.26
22,Male,High School,Web Developer,0,55783.43
55,Female,High School,Graphic Designer,28,133816.60
28,Male,High School,Financial Analyst,5,78564.92
51,Male,PhD,Data Analyst,23,173003.14
55,Female,Master's,Sales Associate,28,163920.37
44,Male,Master's,Director of Operations,21,188867.73
38,Male,Master's,Business Analyst,15,131053.94
56,Female,Master's,VP of Operations,33,223005.42
59,Female,PhD,UX Designer,32,198808.79
53,Female,Master's,Marketing Manager,26,176048.57
41,Female,High School,Sales Manager,15,109407.27
44,Female,High School,Research Scientist,17,128160.58
55,Male,PhD,Sales Associate,30,182445.09
29,Female,Master's,Product Manager,2,117134.22
47,Female,Master's,Marketing Analyst,24,154570.78
27,Female,Master's,UX Designer,2,99167.07
48,Female,High School,Sales Manager,21,126291.98
46,Male,PhD,Senior Scientist,24,208110.08
52,Female,Master's,Director of Operations,24,202210.12
56,Female,High School,UX Designer,30,154497.00
22,Female,Bachelor's,Sales Associate,0,65367.32
25,Female,High School,Engineer,0,60986.79
60,Female,Bachelor's,HR Manager,36,178425.92
60,Male,Master's,Graphic Designer,34,188382.88
23,Male,High School,IT Support,0,47049.58
25,Female,High School,Marketing Manager,0,69259.53
26,Male,High School,Sales Associate,1,56374.33
45,Female,High School,Marketing Manager,19,126710.49
55,Male,Master's,Business Analyst,32,183137.20
27,Female,Master's,Data Analyst,0,93217.80
55,Male,High School,Director of Operations,27,176661.90
37,Female,PhD,IT Support,14,130346.53
44,Female,High School,Product Manager,21,141073.37
43,Male,PhD,Financial Analyst,17,158171.76
43,Male,Master's,Software Engineer,18,157175.43
52,Male,Bachelor's,Director,25,201059.19
23,Male,Bachelor's,Engineer,0,80396.10
29,Female,High School,Sales Director,2,95157.16
42,Male,Master's,Data Scientist,18,161744.01
50,Male,PhD,VP of Operations,25,218259.60
30,Female,High School,Operations Manager,4,81393.48
44,Male,PhD,Research Scientist,22,194261.26
38,Male,PhD,Financial Analyst,13,152242.60
36,Male,Master's,Project Engineer,13,134371.56
54,Female,High School,Senior Manager,31,172859.33
57,Female,Bachelor's,Senior Scientist,35,209677.19
43,Female,PhD,Marketing Coordinator,19,155156.60
37,Female,Bachelor's,Marketing Coordinator,12,96363.28
32,Male,Master's,Director of Operations,4,146631.16
49,Female,Bachelor's,Senior Manager,24,165945.32
31,Female,Bachelor's,Software Engineer,7,108739.05
35,Male,Master's,Project Engineer,13,141201.23
46,Female,High School,Sales Manager,20,129087.62
39,Male,Master's,Engineer,12,133028.68
26,Female,High School,Sales Manager,3,77884.32
57,Female,Bachelor's,VP of Operations,32,202677.82
33,Male,Master's,IT Support,7,98606.58
29,Male,PhD,Sales Director,2,144292.60
42,Female,Master's,VP of Operations,14,167170.26
56,Female,High School,Operations Manager,30,164898.73
46,Male,PhD,Research Scientist,23,190270.19
28,Female,High School,IT Support,1,55729.06
57,Male,Bachelor's,Director of Operations,30,208496.01
28,Female,Bachelor's,Sales Director,3,113639.13
33,Female,High School,HR Manager,11,89564.29
38,Male,Bachelor's,Marketing Manager,13,123628.27
36,Male,Master's,Research Scientist,9,135039.91
49,Male,Master's,Web Developer,23,157825.02
40,Male,Master's,Marketing Analyst,18,143175.87
23,Male,Master's,Operations Manager,0,101113.53
25,Female,Bachelor's,Research Scientist,2,98058.76
50,Male,Bachelor's,Product Manager,25,177950.56
55,Male,PhD,IT Support,32,186407.90
33,Female,Bachelor's,Sales Director,5,117047.82
33,Male,Bachelor's,Engineer,6,103536.78
53,Male,PhD,Product Manager,27,214248.97
35,Male,High School,Marketing Manager,11,99056.63
54,Female,Bachelor's,Data Scientist,32,186117.02
37,Male,High School,UX Designer,10,89082.22
26,Female,PhD,Software Engineer,0,118705.04
30,Male,Master's,Director of Operations,7,155315.80
43,Female,High School,Project Engineer,16,114668.79
50,Female,Bachelor's,Sales Associate,28,149615.76
32,Male,Bachelor's,Account Manager,10,100816.58
45,Male,Master's,Software Developer,22,163740.66
28,Male,PhD,Marketing Manager,5,127412.63
23,Male,High School,Software Developer,0,71015.13
59,Male,Master's,Software Engineer,37,215477.50
30,Female,Master's,Software Engineer,6,120915.43
41,Female,High School,Sales Director,18,144061.32
33,Male,Bachelor's,Director,10,158009.52
48,Female,Master's,IT Support,20,141039.11
54,Female,High School,HR Manager,27,142087.09
43,Male,PhD,Sales Manager,21,181598.49
55,Male,Master's,Project Engineer,33,199408.36
42,Female,High School,Sales Director,16,134610.59
57,Female,Bachelor's,Data Analyst,32,164979.51
44,Female,PhD,Marketing Analyst,19,161880.59
58,Female,Master's,Software Developer,31,185787.40
47,Male,High School,Marketing Manager,25,140805.51
40,Female,PhD,Account Manager,18,153533.10
24,Female,PhD,Business Analyst,0,106275.64
30,Male,Bachelor's,Receptionist,7,79277.66
31,Female,High School,Operations Manager,4,87149.79
60,Female,Bachelor's,Marketing Manager,37,188647.73
26,Male,PhD,Business Analyst,0,103320.61
28,Female,PhD,Web Developer,3,117644.47
41,Male,PhD,Engineer,17,157159.36
56,Female,Master's,Content Creator,29,163299.54
57,Male,PhD,Financial Analyst,31,200571.34
23,Female,High School,Marketing Analyst,0,50048.74
35,Male,Bachelor's,Marketing Analyst,7,89944.64
36,Male,PhD,Project Engineer,14,155906.92
30,Male,PhD,Research Scientist,7,143340.88
32,Male,Bachelor's,Senior Scientist,9,133906.60
28,Female,Bachelor's,Research Scientist,1,100626.16
38,Male,PhD,Software Developer,10,148002.65
34,Male,PhD,Web Developer,9,136251.99
35,Female,Master's,Sales Director,11,153377.01
25,Male,High School,Project Engineer,0,73892.56
44,Male,Bachelor's,Software Developer,22,141748.90
52,Female,High School,Project Engineer,29,155307.76
37,Female,Bachelor's,Graphic Designer,12,101335.84
58,Male,PhD,Product Manager,31,223341.60
55,Female,High School,Operations Manager,30,163031.27
35,Female,PhD,Product Manager,8,156401.09
38,Male,High School,Account Manager,11,81333.94
38,Female,Bachelor's,Marketing Analyst,12,109618.93
44,Female,Master's,Marketing Manager,16,144895.69
25,Female,PhD,Project Engineer,0,110171.68
59,Male,Bachelor's,Data Analyst,31,164623.97
42,Female,Bachelor's,Product Manager,18,147408.68
23,Female,Bachelor's,Receptionist,0,52856.54
38,Male,PhD,Account Manager,15,144513.30
36,Male,Bachelor's,UX Designer,13,118095.34
26,Female,High School,Receptionist,0,41008.15
28,Female,PhD,Senior Scientist,5,153452.35
52,Female,PhD,Marketing Analyst,30,185095.77
49,Male,Master's,Sales Manager,21,161235.19
59,Male,Bachelor's,Content Creator,33,160738.59
22,Female,High School,Financial Analyst,0,62026.41
29,Male,PhD,Research Scientist,1,130446.76
41,Female,PhD,Marketing Coordinator,17,145172.41
23,Male,Master's,Sales Manager,0,98926.50
52,Female,High School,Research Scientist,29,163696.80
44,Male,Master's,Receptionist,22,129327.40
24,Female,Bachelor's,HR Manager,0,70082.12
56,Male,PhD,Engineer,32,208369.43
32,Female,PhD,Engineer,7,132312.81
56,Male,High School,Financial Analyst,30,154320.16
33,Female,PhD,Sales Associate,9,121984.73
53,Male,PhD,Sales Associate,29,181956.81
56,Male,Master's,Account Manager,30,172436.98
29,Male,PhD,Research Scientist,4,137809.71
51,Female,PhD,Software Engineer,27,194401.79
31,Male,PhD,Data Analyst,8,130217.42
45,Male,PhD,Account Manager,17,154293.34
55,Female,Master's,Sales Associate,28,166676.16
56,Male,Master's,Senior Manager,33,203323.38
43,Female,High School,Product Manager,19,141068.41
39,Male,Bachelor's,UX Designer,14,117123.12
26,Male,High School,Sales Manager,0,67517.64
58,Female,PhD,Marketing Manager,33,213065.26
51,Female,Bachelor's,Receptionist,28,134159.59
46,Female,High School,Director of Operations,22,163196.01
40,Male,PhD,Engineer,14,150057.11
37,Female,PhD,Sales Director,13,171063.21
50,Female,PhD,Receptionist,22,155407.35
22,Female,Master's,Financial Analyst,0,95181.42
24,Female,PhD,Data Analyst,0,109243.30
60,Male,PhD,Director of Operations,36,247814.02
44,Male,Master's,Research Scientist,17,164448.85
33,Male,PhD,Business Analyst,9,133135.84
55,Male,PhD,Financial Analyst,31,196818.55
22,Female,Bachelor's,Software Developer,0,84192.67
46,Female,High School,Project Engineer,18,121311.01
56,Male,High School,VP of Operations,33,191525.73
36,Male,High School,VP of Operations,11,122439.53
37,Male,PhD,Software Engineer,11,153873.79
34,Female,Master's,Content Creator,11,115284.38
33,Female,Bachelor's,Sales Manager,8,110068.12
60,Female,Bachelor's,Software Developer,35,187376.82
44,Female,High School,Content Creator,19,104965.02
38,Male,Master's,Engineer,14,138216.88
48,Female,High School,Senior Scientist,20,148911.21
42,Female,High School,Marketing Coordinator,19,106377.69
37,Male,Master's,HR Manager,11,126677.07
27,Female,Bachelor's,Product Manager,2,107585.70
53,Male,Master's,Software Engineer,25,175638.47
48,Male,PhD,Project Engineer,23,183568.70
39,Female,Master's,Senior Manager,13,143985.54
25,Female,Master's,Content Creator,3,82699.07
30,Male,High School,Marketing Analyst,6,72727.66
37,Male,Master's,VP of Operations,14,168653.68
54,Male,Bachelor's,Director of Operations,31,204267.48
22,Male,PhD,Sales Director,0,135170.80
51,Male,Master's,Data Scientist,23,179549.53
36,Female,High School,Marketing Coordinator,14,86159.26
42,Male,PhD,Marketing Analyst,15,149840.81
37,Female,High School,Software Engineer,15,109973.15
42,Male,PhD,Engineer,19,169786.85
51,Female,High School,Sales Manager,23,134031.12
58,Female,Master's,VP of Operations,30,209762.79
38,Female,Bachelor's,Web Developer,13,107462.52
36,Male,High School,HR Manager,13,100922.63
30,Female,Bachelor's,Director,8,151155.31
36,Male,High School,Engineer,9,95927.26
40,Male,PhD,Engineer,15,150716.15
25,Female,Master's,Project Engineer,0,101660.73
41,Male,Master's,Marketing Analyst,19,143862.05
57,Female,Bachelor's,Marketing Analyst,35,175496.92
31,Male,High School,Product Manager,5,103463.76
45,Female,High School,Software Engineer,17,125847.91
38,Male,Bachelor's,Senior Manager,14,137176.83
52,Male,Bachelor's,UX Designer,24,150050.05
60,Male,High School,Receptionist,32,137294.64
38,Male,Bachelor's,Graphic Designer,12,103434.63
32,Female,Master's,Sales Director,8,137840.87
24,Male,Bachelor's,Software Developer,1,83617.41
38,Male,PhD,Senior Scientist,11,169180.52
44,Male,PhD,Software Developer,20,171135.47
47,Male,PhD,VP of Operations,25,209067.62
58,Female,High School,Senior Scientist,35,188854.68
25,Female,PhD,Content Creator,1,92982.35
25,Male,Bachelor's,Director,0,122754.59
30,Female,Master's,Graphic Designer,8,100661.23
22,Female,PhD,Marketing Coordinator,0,95511.58
28,Male,Bachelor's,Operations Manager,3,96460.12
38,Female,Master's,HR Manager,14,132917.37
50,Female,Master's,Software Engineer,28,179940.10
57,Male,Bachelor's,Graphic Designer,35,168705.19
50,Female,High School,Web Developer,23,125712.38
25,Female,High School,Project Engineer,1,75731.27
45,Male,Master's,Sales Associate,21,146834.81
27,Female,High School,Engineer,2,71755.95
50,Female,High School,Business Analyst,26,132031.99
30,Male,High School,Receptionist,8,63565.93
53,Male,Bachelor's,Senior Scientist,28,191582.49
59,Male,Master's,HR Manager,37,193368.28
28,Female,Bachelor's,UX Designer,3,87566.82
57,Male,High School,UX Designer,29,152457.08
58,Male,Bachelor's,Receptionist,35,153493.37
56,Female,Master's,Senior Manager,28,193963.44
44,Male,PhD,Marketing Coordinator,17,152867.24
39,Female,Bachelor's,IT Support,12,101867.49
33,Male,PhD,Software Developer,8,136605.43
33,Female,Master's,Marketing Manager,9,123492.80
41,Female,Master's,Sales Associate,18,129041.12
22,Female,High School,VP of Operations,0,88958.17
36,Male,Bachelor's,Account Manager,12,102494.03
50,Female,Bachelor's,Web Developer,28,154468.39
23,Female,Bachelor's,Receptionist,0,52002.40
49,Female,Master's,HR Manager,24,164341.50
27,Male,PhD,Sales Associate,0,93213.04
22,Male,Bachelor's,Sales Manager,0,85898.90
37,Female,High School,Data Analyst,13,100607.99
54,Male,High School,IT Support,29,132491.70
53,Male,Bachelor's,Graphic Designer,27,151642.12
54,Female,High School,Operations Manager,29,158251.15
52,Female,PhD,Data Analyst,28,181979.96
22,Male,Bachelor's,VP of Operations,0,106829.68
37,Male,Bachelor's,Product Manager,10,127918.10
59,Male,High School,Data Analyst,31,147291.02
39,Male,Master's,Sales Manager,11,131814.97
24,Female,PhD,Content Creator,0,97648.76
57,Female,Master's,Operations Manager,31,199619.41
22,Female,Master's,HR Manager,0,86085.10
36,Male,Master's,Product Manager,11,143464.80
27,Female,Bachelor's,Graphic Designer,1,70365.76
54,Female,High School,Software Developer,28,151174.31
26,Female,Bachelor's,Research Scientist,0,90368.27
60,Female,High School,HR Manager,32,157250.14
48,Male,Bachelor's,Software Developer,22,149669.08
30,Female,Bachelor's,Product Manager,6,115508.39
51,Male,PhD,Business Analyst,29,187851.03
40,Female,High School,Sales Manager,18,121663.68
27,Male,High School,IT Support,1,51226.58
60,Female,Master's,Director of Operations,37,237735.04
46,Female,Master's,Receptionist,18,122253.40
22,Female,PhD,Software Engineer,0,113485.85
38,Female,High School,Sales Associate,11,79029.30
47,Female,Master's,VP of Operations,19,179839.03
58,Male,PhD,Marketing Analyst,35,210193.06
48,Female,High School,Sales Manager,21,126337.20
30,Female,Master's,Senior Scientist,7,141960.33
32,Female,Master's,Content Creator,10,104535.58
45,Male,Bachelor's,Business Analyst,22,138490.17
48,Female,PhD,VP of Operations,20,196224.06
22,Female,Bachelor's,Director,0,118198.35
44,Female,PhD,Senior Manager,17,172388.33
28,Male,PhD,Engineer,5,128216.81
58,Female,High School,Operations Manager,33,166854.57
22,Male,PhD,Marketing Manager,0,112559.75
52,Female,Master's,Data Scientist,25,188092.39
46,Male,PhD,Financial Analyst,21,168177.04
60,Female,PhD,UX Designer,34,204395.47
23,Male,High School,Director,1,109833.49
24,Male,Master's,Sales Director,2,128102.65
51,Male,Master's,Software Engineer,26,184436.80
30,Female,Bachelor's,Web Developer,6,86550.98
39,Male,Master's,Content Creator,12,115568.29
48,Female,Master's,VP of Operations,24,189530.32
58,Female,PhD,Sales Director,31,224110.02
55,Female,Bachelor's,Product Manager,33,199150.05
30,Female,High School,Software Developer,4,73951.62
57,Female,PhD,Web Developer,35,207299.88
49,Male,Master's,Content Creator,23,145203.79
43,Male,Bachelor's,Marketing Manager,21,147345.58
59,Male,Master's,Graphic Designer,31,175168.30
44,Female,PhD,Marketing Coordinator,18,151273.01
44,Male,Bachelor's,Engineer,22,143996.93
23,Male,Bachelor's,Sales Associate,0,69399.57
45,Female,Master's,Data Analyst,19,147538.47
34,Male,Bachelor's,Web Developer,10,107369.25
54,Female,Bachelor's,UX Designer,32,168756.73
49,Female,High School,HR Manager,23,121340.05
26,Male,High School,UX Designer,2,63440.80
57,Female,Bachelor's,Software Engineer,35,189182.30
41,Male,Master's,Director of Operations,16,181520.46
27,Male,Master's,Product Manager,2,120603.50
29,Female,Bachelor's,VP of Operations,5,128112.16
31,Female,PhD,IT Support,7,118179.07
57,Male,Bachelor's,UX Designer,35,175712.65
23,Female,High School,Account Manager,0,53154.46
44,Female,High School,Sales Manager,19,124965.33
44,Female,High School,Sales Associate,18,106489.26
58,Female,PhD,Data Scientist,36,225645.82
37,Male,High School,Director of Operations,9,126586.03
39,Male,High School,Software Engineer,12,107450.86
24,Male,Master's,Director of Operations,0,125855.07
36,Female,Master's,Content Creator,12,113290.54
51,Female,Bachelor's,Marketing Manager,28,160650.15
26,Female,Bachelor's,Financial Analyst,0,78940.91
35,Male,PhD,Account Manager,11,128860.92
47,Male,PhD,Receptionist,23,148718.38
23,Male,Master's,Data Scientist,1,110131.73
44,Male,Master's,Operations Manager,16,148946.63
27,Female,PhD,Director of Operations,4,157376.43
54,Male,PhD,Research Scientist,32,216851.52
26,Female,High School,Financial Analyst,3,69420.33
59,Female,PhD,Content Creator,35,192591.48
36,Male,High School,Research Scientist,9,109427.05
43,Female,High School,Sales Associate,21,114264.22
33,Female,Master's,Data Analyst,5,103915.29
50,Female,High School,Sales Manager,23,137173.47
33,Male,Bachelor's,UX Designer,11,108272.77
59,Female,Bachelor's,UX Designer,32,169277.91
40,Female,High School,Sales Director,16,130417.49
22,Male,Bachelor's,Account Manager,0,68137.78
60,Female,Master's,Research Scientist,36,210801.39
59,Female,High School,Engineer,37,174966.38
30,Male,High School,Graphic Designer,3,66752.30
40,Female,PhD,Project Engineer,14,154882.25
28,Female,PhD,Director of Operations,0,141108.89
57,Male,Master's,Director of Operations,29,215757.52
38,Male,High School,Senior Manager,13,114865.54
55,Male,Bachelor's,Software Developer,33,174979.08
52,Male,High School,Content Creator,26,131328.36
28,Female,PhD,Data Analyst,1,109347.43
35,Female,PhD,Product Manager,11,163027.93
26,Female,PhD,Web Developer,2,115198.66
32,Female,High School,VP of Operations,10,123911.83
51,Female,High School,Marketing Analyst,28,135067.66
35,Female,PhD,Software Engineer,9,139805.19
25,Male,Bachelor's,Operations Manager,1,94020.55
30,Female,High School,Senior Manager,6,99098.32
47,Female,PhD,Operations Manager,24,194548.18
31,Female,Master's,Software Developer,3,106475.12
38,Male,Bachelor's,HR Manager,16,118096.41
48,Female,PhD,Graphic Designer,24,167267.59
46,Male,High School,Content Creator,22,109914.37
58,Female,High School,Marketing Manager,32,159072.94
35,Male,Bachelor's,Marketing Analyst,13,105172.97
50,Male,PhD,Marketing Analyst,24,175110.65
53,Male,PhD,Marketing Manager,28,201065.73
58,Female,High School,Software Developer,33,158097.05
41,Female,Master's,Web Developer,15,137929.90
33,Male,PhD,Engineer,9,139151.99
46,Male,High School,Sales Director,18,146059.00
52,Male,Bachelor's,Senior Manager,30,180344.73
32,Male,Bachelor's,Business Analyst,9,94233.18
51,Male,Bachelor's,Sales Director,25,182842.56
35,Female,PhD,UX Designer,13,147901.86
51,Male,High School,Software Developer,28,152291.19
48,Female,High School,Business Analyst,22,118156.41
40,Female,Master's,Director of Operations,14,166961.89
54,Female,PhD,Research Scientist,32,219934.67
60,Male,Bachelor's,Senior Scientist,35,205353.22
28,Female,Bachelor's,IT Support,6,77713.82
33,Female,Master's,Director of Operations,11,159754.07
44,Male,Bachelor's,Sales Associate,20,123403.37
32,Male,PhD,Senior Manager,8,154399.67
35,Female,Master's,Marketing Manager,8,123343.69
22,Male,High School,HR Manager,0,58045.22
60,Male,Bachelor's,Marketing Analyst,38,184329.16
60,Female,High School,Data Scientist,38,185289.99
27,Male,High School,Director,4,123894.81
41,Male,PhD,Software Engineer,15,164430.24
24,Female,PhD,Software Developer,0,109952.21
48,Female,Master's,Marketing Analyst,23,155707.76
31,Female,Master's,HR Manager,3,99691.33
52,Female,PhD,Web Developer,28,191397.97
46,Male,PhD,Data Scientist,18,182073.01
52,Female,PhD,Data Scientist,30,213725.78
44,Male,Master's,Research Scientist,19,163320.81
51,Female,PhD,VP of Operations,26,219191.46
55,Male,PhD,Account Manager,30,187564.23
49,Male,PhD,Research Scientist,23,189849.39
31,Female,High School,Financial Analyst,6,80081.82
39,Female,High School,Project Engineer,13,110958.65
60,Female,Bachelor's,Content Creator,34,160177.85
41,Male,High School,Web Developer,16,102657.70
23,Male,Master's,Receptionist,0,68809.03
44,Male,Bachelor's,VP of Operations,18,167352.62
42,Male,High School,Project Engineer,15,113885.21
58,Female,Master's,Content Creator,30,165837.98
44,Male,PhD,Product Manager,18,185477.39
35,Female,Master's,Graphic Designer,12,113157.56
46,Male,High School,Sales Manager,24,136533.27
50,Female,Bachelor's,HR Manager,27,148334.17
54,Female,Bachelor's,IT Support,31,155393.59
54,Male,High School,Project Engineer,32,160377.12
58,Male,High School,Data Analyst,30,144396.57
34,Female,High School,Content Creator,11,76080.30
23,Male,Master's,Director of Operations,0,130165.39
29,Male,Master's,Marketing Manager,4,109296.87
25,Female,PhD,Software Engineer,0,115607.05
40,Female,High School,Software Developer,14,107550.83
36,Female,Master's,Receptionist,12,106505.55
22,Female,High School,Senior Manager,0,73737.30
59,Female,High School,Senior Scientist,36,188331.68
50,Female,High School,Engineer,23,132740.17
57,Female,High School,Content Creator,34,146314.45
58,Female,Bachelor's,IT Support,32,157571.55
34,Male,Master's,Sales Manager,8,121131.45
42,Male,PhD,Senior Manager,16,173147.99
29,Female,High School,Account Manager,3,57614.89
60,Female,PhD,Content Creator,32,194336.82
29,Female,PhD,Web Developer,2,111332.10
36,Female,Bachelor's,Director,13,164311.45
37,Female,High School,Data Scientist,9,104453.64
48,Female,PhD,UX Designer,25,180077.63
24,Male,Master's,Sales Associate,1,86713.47
26,Male,High School,Software Developer,0,71083.55
44,Male,Bachelor's,Marketing Coordinator,18,115730.15
59,Male,Master's,HR Manager,33,187003.90
51,Female,Bachelor's,Marketing Coordinator,29,147865.80
31,Male,Master's,Marketing Manager,7,122917.76
42,Female,High School,Data Analyst,20,114711.86
44,Male,High School,Account Manager,17,108321.49
48,Male,PhD,Receptionist,24,160291.58
57,Female,Master's,Sales Director,30,212798.55
46,Male,PhD,Graphic Designer,19,159308.94
53,Female,PhD,Business Analyst,31,192730.17
24,Male,High School,Engineer,0,64000.92
25,Female,Bachelor's,Senior Scientist,3,112848.27
52,Male,PhD,Business Analyst,27,179822.32
46,Female,PhD,Marketing Coordinator,20,155701.47
58,Male,Bachelor's,Senior Manager,34,192945.51
55,Female,PhD,Research Scientist,29,209865.40
46,Male,Master's,Web Developer,24,163443.24
37,Female,PhD,Software Developer,11,140671.42
39,Male,Bachelor's,Director,16,171495.54
36,Male,PhD,Receptionist,14,125557.87
47,Female,Bachelor's,Financial Analyst,23,147624.51
22,Male,High School,Director of Operations,0,95239.83
42,Female,High School,Director of Operations,14,136102.74
52,Female,High School,Director of Operations,25,169170.14
51,Male,Bachelor's,Sales Manager,24,158948.49
29,Female,Bachelor's,Software Engineer,3,99181.40
45,Female,Bachelor's,UX Designer,19,134994.76
50,Male,High School,Product Manager,24,153200.77
52,Male,Master's,Receptionist,30,159156.54
60,Female,PhD,IT Support,37,199743.41
43,Male,High School,UX Designer,20,119953.37
60,Male,PhD,Operations Manager,34,224333.77
24,Male,High School,Financial Analyst,0,60729.53
48,Female,PhD,HR Manager,23,171987.69
35,Male,High School,Software Engineer,9,99489.93
29,Female,PhD,Web Developer,5,120158.62
54,Male,Bachelor's,UX Designer,28,158528.40
48,Male,High School,Director,25,179736.23
48,Male,Master's,Marketing Manager,23,166929.04
55,Male,Bachelor's,Sales Associate,28,147562.80
37,Female,PhD,Data Analyst,14,143913.57
27,Female,PhD,Content Creator,0,99007.66
45,Female,PhD,Sales Director,20,192036.35
51,Male,High School,UX Designer,29,147450.67
28,Female,Bachelor's,Financial Analyst,2,87969.65
36,Male,High School,Content Creator,12,84489.70
36,Male,PhD,Content Creator,10,128389.60
46,Female,High School,Marketing Analyst,19,109421.21
60,Female,PhD,Research Scientist,32,216511.99
59,Male,PhD,Senior Scientist,33,231121.62
31,Male,PhD,Marketing Coordinator,3,109448.93
54,Male,Bachelor's,Senior Manager,26,177625.20
55,Female,High School,Data Analyst,30,149323.90
55,Male,High School,IT Support,28,127850.22
33,Female,PhD,Software Engineer,8,138361.12
60,Female,PhD,Research Scientist,37,233897.83
49,Female,Master's,Director,25,209710.94
23,Male,High School,Marketing Analyst,0,59153.57
44,Female,High School,Director of Operations,18,150057.04
56,Male,PhD,Data Analyst,30,195454.75
49,Female,Master's,Software Engineer,21,168898.15
53,Male,PhD,HR Manager,27,188741.71
50,Female,High School,UX Designer,26,137607.11
22,Female,Master's,VP of Operations,0,126371.90
52,Female,Bachelor's,Operations Manager,28,174714.60
45,Female,High School,Senior Manager,20,138901.03
48,Male,High School,Director,23,176457.61
58,Female,PhD,VP of Operations,30,232637.27
53,Male,Bachelor's,Product Manager,26,176506.08
45,Male,High School,Sales Manager,20,123646.79
24,Male,Bachelor's,Project Engineer,2,86435.95
40,Male,High School,Sales Associate,17,97301.31
57,Female,PhD,UX Designer,31,199850.11
51,Female,High School,HR Manager,28,142839.91
56,Male,Bachelor's,VP of Operations,32,205542.18
38,Male,PhD,UX Designer,16,152673.44
45,Female,Bachelor's,IT Support,19,116497.65
42,Male,PhD,Software Developer,19,164991.00
56,Female,Bachelor's,Financial Analyst,31,163302.00
49,Female,Master's,IT Support,26,158423.94
35,Female,PhD,Business Analyst,8,128258.53
57,Female,PhD,Data Scientist,32,221173.12
30,Male,Master's,UX Designer,2,98463.15
58,Female,Bachelor's,Account Manager,36,171222.66
36,Male,High School,Research Scientist,12,118718.63
37,Male,High School,Business Analyst,9,88947.43
46,Male,PhD,Engineer,18,162623.13
54,Male,Bachelor's,Engineer,27,156789.93
37,Female,Bachelor's,Marketing Manager,15,123738.84
44,Female,High School,Web Developer,22,123104.57
37,Male,PhD,Sales Director,14,172067.21
60,Female,Master's,Product Manager,32,213515.54
29,Female,Master's,Engineer,3,105452.23
23,Female,PhD,Web Developer,0,108633.63
57,Male,PhD,Product Manager,32,227558.33
27,Male,High School,Content Creator,2,56368.29
51,Female,PhD,Project Engineer,23,187261.98
60,Female,Bachelor's,HR Manager,35,176893.49
24,Female,Bachelor's,Software Engineer,0,83690.25
54,Female,High School,Software Engineer,30,154419.52
42,Male,High School,Sales Director,19,140745.81
24,Male,Master's,Data Scientist,0,110360.84
36,Female,Master's,UX Designer,8,121107.51
37,Male,PhD,Marketing Manager,11,150871.99
43,Male,PhD,Software Developer,17,164384.73
55,Female,Bachelor's,UX Designer,30,168843.53
50,Female,High School,Content Creator,25,119749.05
55,Female,Master's,Senior Manager,30,194764.67
29,Female,Bachelor's,Senior Manager,1,97849.00
49,Male,Bachelor's,Data Scientist,23,161479.43
47,Male,Master's,HR Manager,22,154602.93
51,Female,Master's,Marketing Coordinator,25,152673.41
27,Male,Master's,Research Scientist,3,118911.20
52,Female,PhD,Director of Operations,28,227314.79
56,Male,PhD,Project Engineer,31,212193.74
29,Female,Bachelor's,Data Scientist,6,110109.97
59,Male,PhD,Receptionist,31,178711.77
41,Male,Bachelor's,Research Scientist,19,146932.70
38,Male,Master's,Product Manager,11,152899.26
35,Female,Bachelor's,Engineer,8,98639.66
42,Male,Master's,Senior Manager,18,165719.30
28,Female,High School,Operations Manager,3,79825.84
22,Female,Bachelor's,Marketing Analyst,0,72324.05
59,Male,PhD,UX Designer,37,221384.49
34,Female,Bachelor's,Marketing Coordinator,9,96619.26
23,Male,Bachelor's,Operations Manager,0,91407.31
30,Female,Master's,Product Manager,6,129125.06
25,Male,Master's,Data Analyst,0,86732.35
37,Female,Bachelor's,Operations Manager,14,126800.77
48,Male,High School,Senior Scientist,23,153200.83
56,Female,High School,Data Scientist,34,174514.53
41,Female,High School,Graphic Designer,15,93495.70
36,Male,Master's,Senior Scientist,10,154784.71
38,Male,High School,Content Creator,11,78867.11
36,Female,Bachelor's,Business Analyst,14,108652.61
38,Female,Bachelor's,VP of Operations,15,155603.94
43,Female,Bachelor's,Business Analyst,15,117409.40
47,Male,Master's,HR Manager,22,155233.50
23,Male,Bachelor's,Marketing Analyst,0,74144.79
60,Male,Master's,Software Developer,32,190143.41
43,Male,High School,Sales Associate,19,106358.44
39,Female,Master's,IT Support,13,120259.66
60,Female,PhD,Director,33,252172.18
27,Female,PhD,Software Developer,5,126922.51
53,Female,Master's,Project Engineer,25,177476.81
52,Female,High School,Project Engineer,28,149053.65
49,Male,PhD,Financial Analyst,21,167369.03
36,Male,High School,Product Manager,8,111616.29
46,Female,Master's,Content Creator,21,136455.76
58,Female,Master's,Data Analyst,36,189555.69
42,Male,Master's,Financial Analyst,18,146750.40
50,Male,PhD,HR Manager,25,174764.38
32,Female,High School,IT Support,4,57542.48
40,Male,High School,Marketing Analyst,18,110678.01
33,Female,High School,Operations Manager,5,90586.08
58,Male,Master's,Business Analyst,32,178951.88
42,Female,High School,Sales Director,17,139574.64
55,Female,PhD,HR Manager,32,197549.79
33,Male,Master's,Graphic Designer,5,104370.89
44,Female,Master's,Account Manager,20,141663.58
45,Male,High School,Research Scientist,20,143454.21
22,Female,High School,HR Manager,0,60723.76
25,Female,Master's,UX Designer,0,90920.21
45,Female,High School,Data Scientist,20,141087.92
53,Female,PhD,Software Engineer,30,202973.55
23,Female,High School,Sales Director,0,92282.25
28,Male,Master's,HR Manager,1,97912.05
28,Male,PhD,Director of Operations,5,156294.27
43,Female,PhD,Product Manager,21,192591.04
39,Female,High School,Director of Operations,17,146730.61
36,Male,High School,Senior Manager,12,119141.81
28,Female,PhD,Senior Manager,0,125732.36
36,Male,High School,Graphic Designer,11,84294.12
24,Male,Master's,Sales Manager,0,101665.50
32,Female,Bachelor's,Engineer,10,105059.49
46,Male,High School,Sales Associate,20,112354.71
31,Male,PhD,IT Support,9,123369.97
54,Male,High School,Operations Manager,27,156518.76
55,Male,PhD,Content Creator,31,184111.65
51,Female,High School,Sales Manager,28,144947.23
23,Female,PhD,Marketing Manager,0,111074.20
58,Female,PhD,Financial Analyst,36,208903.49
58,Male,PhD,Financial Analyst,31,199164.28
36,Female,PhD,Engineer,9,133494.35
55,Male,High School,Director,28,196095.18
41,Female,Master's,Director,13,183463.88
47,Female,High School,Marketing Manager,19,124412.47
41,Female,Bachelor's,Data Scientist,15,133227.34
46,Female,PhD,Project Engineer,23,182860.21
35,Female,High School,Data Analyst,9,84155.00
22,Male,PhD,Account Manager,0,99710.25
35,Female,PhD,Software Engineer,11,153856.67
41,Female,Master's,Data Analyst,17,138732.46
30,Female,Master's,Software Engineer,4,110568.82
48,Male,Bachelor's,Receptionist,20,113481.65
32,Male,Bachelor's,Data Analyst,6,90525.61
43,Male,Master's,Product Manager,17,166254.86
59,Female,PhD,Project Engineer,31,206604.11
23,Male,Bachelor's,Engineer,0,76503.31
47,Female,PhD,Software Engineer,19,173657.22
45,Male,Master's,IT Support,22,149255.17
44,Male,Master's,Research Scientist,19,169410.37
39,Female,PhD,Marketing Analyst,12,136438.54
36,Male,Master's,Sales Associate,14,126333.82
45,Male,Bachelor's,Graphic Designer,17,116216.21
34,Male,Bachelor's,Senior Scientist,9,134981.89
33,Male,Master's,Software Engineer,11,138360.65
40,Female,High School,Engineer,16,113481.66
36,Female,High School,Graphic Designer,9,79519.53
59,Male,PhD,IT Support,33,190821.06
25,Female,Master's,Account Manager,2,87844.50
46,Male,Bachelor's,Engineer,18,137958.87
27,Male,High School,Software Developer,1,68247.24
40,Female,Master's,Software Developer,12,134315.17
47,Male,High School,Director,23,177525.93
45,Male,PhD,Graphic Designer,19,157856.65
49,Female,PhD,Financial Analyst,22,177712.42
28,Male,High School,Marketing Coordinator,5,68077.08
37,Female,Bachelor's,Senior Scientist,15,147748.52
46,Female,PhD,Product Manager,21,189110.54
59,Female,Master's,Engineer,35,192363.53
49,Male,PhD,HR Manager,22,175131.06
26,Male,PhD,Marketing Coordinator,2,104071.16
46,Male,PhD,Financial Analyst,23,176792.30
44,Male,Bachelor's,Software Developer,22,146337.19
53,Male,PhD,Graphic Designer,31,191949.18
27,Male,High School,VP of Operations,0,99665.05
36,Female,Master's,VP of Operations,13,159773.26
41,Male,PhD,Senior Manager,16,168850.80
23,Female,Bachelor's,Marketing Analyst,0,73214.89
39,Male,High School,Senior Scientist,16,135703.82
49,Male,PhD,Receptionist,26,166561.42
41,Female,Master's,Data Analyst,18,144789.95
41,Female,PhD,Director of Operations,19,194790.65
55,Male,Bachelor's,Content Creator,31,151606.65
60,Female,Bachelor's,Account Manager,35,166184.32
39,Male,PhD,Product Manager,11,159880.31
50,Male,Bachelor's,Senior Scientist,23,178092.02
33,Male,Bachelor's,Web Developer,5,92312.87
49,Male,Master's,Marketing Manager,22,170179.15
44,Female,PhD,Senior Scientist,18,191448.85
23,Male,Master's,Software Engineer,0,103652.26
52,Male,PhD,Marketing Coordinator,24,167625.61
47,Male,PhD,Account Manager,21,164682.84
26,Male,Master's,Data Analyst,0,93225.03
44,Male,Bachelor's,IT Support,22,129805.18
59,Female,PhD,Account Manager,37,208338.99
28,Female,PhD,Software Engineer,2,124451.75
43,Male,Master's,Account Manager,16,132055.04
31,Male,Bachelor's,Engineer,3,86749.36
27,Female,Bachelor's,Senior Scientist,0,101450.35
49,Male,Bachelor's,Data Scientist,21,158469.78
49,Female,Master's,Software Engineer,26,177374.65
49,Female,High School,VP of Operations,24,166897.22
25,Male,Master's,UX Designer,3,102861.32
44,Male,Master's,Marketing Coordinator,21,140579.70
50,Female,Bachelor's,HR Manager,24,145862.59
42,Male,High School,Sales Manager,16,114142.86
53,Male,PhD,Sales Associate,31,182989.40
27,Male,Bachelor's,Director,0,121418.00
53,Female,Master's,Marketing Manager,26,176865.74
60,Female,High School,Business Analyst,38,165532.92
40,Male,PhD,Financial Analyst,14,146243.53
45,Male,PhD,Product Manager,17,177931.01
49,Male,Master's,Director,21,202830.07
25,Female,Bachelor's,Software Engineer,0,91720.09
45,Female,Master's,VP of Operations,22,186296.17
47,Male,Bachelor's,Sales Manager,20,140912.46
42,Female,High School,Sales Manager,14,111777.27
43,Male,Master's,Operations Manager,18,154462.24
34,Female,High School,Product Manager,10,116142.59
36,Male,High School,Business Analyst,8,83360.78
24,Female,PhD,Software Engineer,0,120254.82
29,Male,Master's,Senior Manager,4,117957.43
45,Male,PhD,VP of Operations,19,197211.83
60,Female,Master's,Receptionist,36,171152.17
59,Female,PhD,Data Analyst,37,212416.17
52,Male,High School,Financial Analyst,26,137832.62
48,Female,High School,Software Engineer,23,135681.23
38,Male,High School,Operations Manager,11,104129.09
34,Female,PhD,Data Analyst,12,136105.22
38,Male,Master's,Marketing Coordinator,10,112145.64
54,Female,PhD,Marketing Coordinator,31,185444.97
37,Female,PhD,Senior Manager,12,161238.76
40,Female,Bachelor's,Financial Analyst,14,122687.19
52,Male,Master's,Data Analyst,30,180555.95
23,Male,High School,VP of Operations,0,94118.94
35,Male,PhD,Content Creator,11,130891.69
50,Female,High School,Marketing Coordinator,25,126964.45
33,Female,PhD,Sales Director,10,161710.63
40,Female,Master's,Senior Manager,17,158468.71
36,Male,PhD,Sales Director,9,160716.14
43,Male,Bachelor's,Marketing Coordinator,18,119722.61
53,Male,Bachelor's,Receptionist,26,133942.11
31,Female,Master's,Engineer,3,102301.71
50,Male,PhD,Senior Manager,25,199762.89
33,Male,PhD,Financial Analyst,10,136098.08
39,Female,PhD,Financial Analyst,13,146780.33
40,Female,High School,Research Scientist,13,114566.90
47,Female,Bachelor's,Sales Manager,22,143930.71
35,Male,PhD,Sales Associate,8,120469.97
28,Male,Bachelor's,Marketing Analyst,4,86468.73
46,Male,Bachelor's,Software Engineer,19,140297.90
43,Male,PhD,Product Manager,17,177787.95
51,Female,PhD,Data Analyst,28,189871.26
41,Female,Master's,Software Developer,14,136151.74
45,Female,Master's,Business Analyst,17,141686.82
37,Female,Master's,Operations Manager,15,144861.82
54,Female,Bachelor's,Sales Manager,30,172626.36
32,Female,PhD,HR Manager,6,127406.85
38,Male,Bachelor's,Data Analyst,11,110651.78
55,Male,High School,Data Scientist,33,176726.26
33,Male,Master's,Sales Manager,10,130336.85
30,Male,PhD,Graphic Designer,8,123511.65
37,Female,PhD,Research Scientist,10,152356.33
28,Male,High School,VP of Operations,0,93057.23
48,Female,High School,Sales Director,20,148027.66
59,Female,PhD,Sales Associate,37,207745.78
33,Male,Bachelor's,Sales Director,5,125469.72
34,Male,Master's,Financial Analyst,6,114495.06
40,Female,High School,Account Manager,15,91917.54
27,Male,Bachelor's,Data Analyst,4,90128.44
52,Male,PhD,VP of Operations,26,214362.78
56,Female,PhD,Software Developer,31,199314.53
42,Male,Master's,Sales Director,14,166633.01
55,Male,High School,UX Designer,28,148705.03
26,Female,High School,Director of Operations,3,108900.08
36,Male,Master's,Director of Operations,9,160319.33
23,Male,High School,VP of Operations,1,99395.08
33,Male,PhD,Receptionist,9,111192.66
55,Female,Bachelor's,Product Manager,33,192286.50
50,Female,High School,Financial Analyst,28,145700.45
34,Female,High School,Financial Analyst,7,77839.70
40,Male,PhD,Research Scientist,12,158320.02
39,Male,Bachelor's,Sales Director,11,138020.82
40,Female,Master's,Senior Manager,15,155092.27
32,Female,High School,Software Developer,9,92503.34
40,Female,PhD,Senior Manager,13,168360.14
26,Male,PhD,Research Scientist,0,131523.86
51,Male,PhD,Senior Manager,23,196181.60
47,Female,High School,Sales Director,23,155236.73
37,Male,High School,Software Engineer,14,111263.18
41,Female,Bachelor's,Product Manager,18,148856.33
29,Female,Master's,VP of Operations,3,130241.41
59,Female,PhD,Sales Director,32,230248.64
33,Female,Master's,Research Scientist,9,133447.11
40,Male,High School,IT Support,16,97993.26
57,Male,Master's,Senior Manager,31,204649.13
51,Male,PhD,Engineer,25,182834.44
60,Female,Bachelor's,Operations Manager,37,192005.77
50,Male,Master's,Product Manager,24,183249.01
24,Male,PhD,Data Analyst,0,106329.01
57,Female,High School,VP of Operations,31,179733.46
22,Male,High School,UX Designer,0,65411.34
55,Female,High School,Graphic Designer,27,133366.61
22,Female,High School,HR Manager,0,52331.27
40,Male,High School,Software Engineer,16,119968.30
48,Female,High School,Senior Manager,21,137258.97
44,Female,Bachelor's,Software Engineer,21,151984.61
31,Male,PhD,Receptionist,3,96284.90
52,Male,PhD,Marketing Coordinator,29,185934.46
44,Male,Bachelor's,Web Developer,20,129888.73
35,Male,Bachelor's,Sales Associate,13,104410.11
24,Female,PhD,Director,0,155399.94
58,Female,Bachelor's,IT Support,31,150949.03
50,Male,High School,Project Engineer,26,147578.73
26,Male,PhD,Sales Manager,4,123453.28
59,Female,High School,Senior Manager,35,179359.44
49,Female,Master's,Software Developer,24,169360.75
40,Male,Master's,Graphic Designer,14,123230.71
27,Male,Master's,Account Manager,0,88316.01
48,Female,PhD,Senior Manager,22,189270.03
44,Male,Master's,VP of Operations,21,184646.32
42,Male,PhD,Sales Manager,17,162965.25
59,Female,PhD,IT Support,32,186884.88
40,Male,PhD,Account Manager,13,139933.49
33,Female,PhD,Receptionist,9,108265.36
34,Male,Bachelor's,Project Engineer,7,102158.05
45,Female,High School,IT Support,22,108725.05
55,Female,Master's,Director,32,231799.35
29,Female,Bachelor's,Data Scientist,4,102239.08
27,Female,Master's,Software Engineer,5,115810.80
36,Female,PhD,Graphic Designer,11,131499.44
51,Male,PhD,Operations Manager,28,201209.42
44,Male,Bachelor's,Senior Manager,16,142673.19
50,Male,Bachelor's,HR Manager,26,147073.72
48,Female,Master's,Data Scientist,23,175272.98
37,Male,Bachelor's,Research Scientist,9,122054.03
28,Female,High School,Receptionist,1,42290.82
30,Male,Bachelor's,Sales Associate,4,74608.49
58,Male,Bachelor's,Senior Manager,32,194056.05
58,Female,High School,Graphic Designer,33,147461.32
30,Male,High School,Product Manager,6,99608.97
31,Female,Master's,Web Developer,6,105318.94
42,Female,Master's,Account Manager,18,132454.75
45,Female,PhD,Software Engineer,19,171148.53
38,Female,High School,Account Manager,14,89212.21
60,Male,Master's,Marketing Coordinator,32,177671.51
37,Female,Bachelor's,HR Manager,15,116321.26
39,Female,PhD,Business Analyst,11,135035.28
51,Female,PhD,Director,24,221452.17
38,Male,Master's,IT Support,12,113262.00
24,Male,Bachelor's,Marketing Manager,0,85456.35
42,Male,Bachelor's,IT Support,18,115967.36
38,Male,PhD,Software Engineer,10,145019.94
57,Male,High School,Director of Operations,32,189829.76
42,Female,Bachelor's,Receptionist,14,93806.61
41,Male,High School,Marketing Analyst,19,114869.33
30,Male,Bachelor's,Financial Analyst,4,86409.82
35,Female,High School,Engineer,8,89027.63
48,Male,High School,HR Manager,22,124115.90
48,Male,Master's,IT Support,26,154534.80
57,Male,High School,Data Analyst,34,162397.61
27,Male,High School,Software Developer,1,69127.06
49,Female,Bachelor's,Data Analyst,23,138740.11
42,Female,Bachelor's,Sales Director,17,151882.00
29,Female,Bachelor's,Senior Scientist,6,120393.93
51,Male,Master's,Marketing Coordinator,23,150454.03
42,Female,Bachelor's,Graphic Designer,17,114249.43
39,Male,PhD,Project Engineer,13,155171.29
33,Male,High School,Product Manager,6,105699.98
35,Female,PhD,IT Support,13,133731.91
29,Male,Bachelor's,Account Manager,4,79273.04
34,Male,PhD,Research Scientist,10,159525.22
28,Male,High School,Marketing Coordinator,2,60482.00
49,Female,Bachelor's,Sales Director,22,169505.89
60,Female,Bachelor's,Marketing Manager,32,174895.90
28,Female,Bachelor's,Marketing Manager,1,87307.29
27,Female,Bachelor's,VP of Operations,3,121513.63
46,Female,Master's,Marketing Coordinator,19,138324.62
37,Male,Bachelor's,Senior Scientist,11,138576.28
39,Female,Bachelor's,Sales Director,13,142196.57
38,Male,PhD,Software Developer,15,154309.57
48,Female,PhD,Web Developer,25,177775.61
54,Female,Bachelor's,Web Developer,27,157696.44
55,Female,PhD,HR Manager,30,195319.34
46,Male,Bachelor's,VP of Operations,18,162202.55
45,Female,Master's,IT Support,23,148150.12
39,Female,Bachelor's,Sales Associate,16,111280.85
33,Female,PhD,Product Manager,10,153472.30
59,Female,High School,Sales Manager,31,156792.63
48,Female,High School,Financial Analyst,22,127893.38
23,Female,Master's,Data Scientist,0,113557.33
46,Female,PhD,Financial Analyst,18,160584.90
39,Male,Bachelor's,Data Analyst,14,118683.42
23,Female,Master's,Marketing Coordinator,0,84536.88
29,Male,Master's,Account Manager,6,104468.83
35,Male,PhD,Business Analyst,12,140548.07
58,Female,High School,Receptionist,34,134125.19
37,Male,Bachelor's,Data Scientist,12,126595.62
55,Male,High School,Project Engineer,32,160903.16
58,Female,Bachelor's,Operations Manager,36,192585.90
27,Male,Master's,Business Analyst,0,83739.48
39,Male,PhD,Financial Analyst,13,149785.38
55,Male,PhD,Marketing Coordinator,33,197849.14
53,Female,High School,Web Developer,31,151153.03
22,Female,Master's,Web Developer,0,91293.71
25,Male,Master's,Software Engineer,0,99248.80
53,Male,High School,Account Manager,29,140195.72
36,Female,Bachelor's,Senior Scientist,14,138871.41
58,Female,Bachelor's,Business Analyst,30,160227.37
40,Female,High School,Senior Scientist,13,130884.61
27,Male,Bachelor's,Graphic Designer,5,85043.31
55,Male,Bachelor's,Financial Analyst,30,162228.14
28,Male,PhD,Sales Director,5,147362.27
35,Male,PhD,Financial Analyst,13,143013.76
39,Male,High School,IT Support,11,84709.78
50,Male,PhD,Sales Manager,25,192662.42
30,Female,PhD,Project Engineer,6,131546.45
24,Male,High School,UX Designer,0,58955.72
24,Male,Bachelor's,Data Analyst,1,78684.58
41,Male,Master's,Sales Director,16,163450.03
41,Male,Bachelor's,Director of Operations,17,168101.70
25,Female,Master's,Senior Scientist,0,124119.58
35,Female,PhD,Content Creator,13,135382.21
24,Male,Master's,Content Creator,0,83268.99
42,Female,PhD,Software Engineer,19,168089.31
59,Male,Bachelor's,Web Developer,34,173437.20
49,Female,Master's,Director,26,212826.94
45,Male,PhD,Data Scientist,20,185979.00
35,Male,Master's,Sales Director,9,146837.24
55,Male,PhD,Software Engineer,29,201691.84
26,Male,Bachelor's,Receptionist,0,58537.07
42,Female,Master's,Sales Manager,20,154089.73
31,Male,High School,Receptionist,4,54060.12
30,Male,Master's,Director of Operations,5,143209.01
29,Male,PhD,Business Analyst,4,111637.30
35,Male,Bachelor's,Content Creator,11,93033.37
23,Female,High School,Business Analyst,0,51937.43
53,Male,Master's,Data Analyst,25,162471.00
26,Female,PhD,Product Manager,1,133407.70
42,Male,Master's,Web Developer,15,133341.27
56,Female,Bachelor's,Product Manager,32,194537.72
29,Male,High School,Director,7,130347.68
37,Male,Bachelor's,Web Developer,12,114185.16
41,Female,PhD,IT Support,16,142672.02
55,Female,Master's,VP of Operations,30,209080.23
33,Female,High School,Senior Manager,6,98724.32
52,Male,PhD,Web Developer,28,183578.65
36,Female,PhD,Director,12,188151.06
54,Male,Master's,Sales Manager,28,186431.50
22,Female,Master's,Software Engineer,0,105974.93
47,Male,High School,Senior Scientist,25,165468.92
34,Male,Master's,Marketing Analyst,9,116767.35
33,Male,Master's,Project Engineer,8,119336.45
26,Male,PhD,Business Analyst,1,109295.52
53,Male,High School,Senior Scientist,28,168181.06
50,Male,Master's,IT Support,22,147850.66
25,Female,PhD,Graphic Designer,0,100474.94
28,Female,PhD,Web Developer,0,101002.74
31,Female,High School,Sales Associate,4,64075.38
48,Male,Master's,Senior Scientist,26,192830.57
60,Male,Bachelor's,Senior Manager,34,199391.87
60,Male,Master's,Sales Manager,34,196484.09
27,Male,Bachelor's,Research Scientist,2,100652.64
54,Male,Bachelor's,Marketing Manager,28,170351.36
39,Female,Bachelor's,Project Engineer,15,129403.80
60,Female,Bachelor's,Web Developer,37,185842.51
39,Female,Master's,HR Manager,16,134591.51
38,Female,PhD,Account Manager,15,140111.58
47,Male,Bachelor's,Graphic Designer,21,132893.17
25,Female,High School,Project Engineer,0,71761.85
28,Male,PhD,Operations Manager,0,118487.13
27,Male,High School,Financial Analyst,0,66836.17
32,Male,Master's,Director,5,159832.02
26,Male,PhD,HR Manager,2,114430.23
22,Female,Master's,IT Support,0,73282.64
47,Male,High School,Senior Scientist,23,153083.60
39,Male,High School,Software Engineer,12,111058.28
29,Female,High School,IT Support,6,64116.88
42,Male,Bachelor's,Content Creator,15,109566.11
28,Female,High School,Web Developer,4,65654.12
29,Male,High School,Engineer,5,81336.82
42,Male,High School,Product Manager,17,136469.66
37,Male,Bachelor's,Project Engineer,15,128698.17
28,Male,Master's,Sales Associate,1,84798.27
23,Male,High School,Financial Analyst,0,61387.47
40,Male,Bachelor's,Marketing Manager,18,134767.98
40,Male,High School,Graphic Designer,14,94652.47
44,Male,Master's,Business Analyst,20,148181.38
39,Female,Master's,Business Analyst,16,129044.41
37,Female,PhD,Financial Analyst,13,150423.73
28,Male,Bachelor's,Marketing Coordinator,0,67012.51
30,Female,Master's,Engineer,2,98449.49
58,Male,Master's,Senior Scientist,36,223194.32
35,Female,Bachelor's,Director,7,150474.98
60,Male,PhD,Product Manager,36,232724.39
26,Female,Master's,Director of Operations,2,131870.39
42,Male,Master's,Director of Operations,20,189157.58
44,Female,High School,Account Manager,22,117700.96
46,Female,Bachelor's,Marketing Coordinator,24,140082.00
42,Male,Master's,Sales Director,18,172763.24
27,Male,Bachelor's,UX Designer,0,74197.39
42,Male,High School,HR Manager,16,109508.86
26,Female,High School,Engineer,0,60676.26
30,Female,PhD,Research Scientist,3,136273.18
52,Female,Bachelor's,Content Creator,30,146455.63
23,Male,High School,Product Manager,1,89068.89
34,Male,Bachelor's,Senior Scientist,6,124924.72
31,Female,High School,Engineer,8,87211.25
42,Female,Master's,Senior Manager,15,156357.87
46,Female,PhD,Account Manager,20,160379.89
55,Male,Bachelor's,Software Engineer,32,182182.48
49,Male,Bachelor's,Engineer,25,155871.78
58,Male,Bachelor's,Product Manager,33,201840.64
29,Male,Bachelor's,Product Manager,3,105527.43
41,Male,PhD,Business Analyst,17,151244.01
37,Male,Master's,IT Support,14,120449.85
41,Male,High School,Research Scientist,15,124637.79
56,Male,High School,Sales Associate,30,134791.14
33,Male,Master's,Software Developer,8,122140.09
59,Female,High School,Business Analyst,35,157699.22
47,Male,Bachelor's,Senior Manager,24,161397.53
28,Female,Bachelor's,Product Manager,3,106199.40
60,Female,PhD,Operations Manager,37,228586.67
39,Male,High School,Software Engineer,11,107386.57
24,Male,PhD,Marketing Coordinator,2,102445.72
56,Female,Bachelor's,Receptionist,29,142141.17
38,Female,Bachelor's,Operations Manager,16,136034.43
37,Female,PhD,Director,11,183233.14
58,Female,PhD,Software Developer,32,202317.72
24,Male,High School,Receptionist,0,41633.78
23,Female,High School,Software Engineer,0,69906.91
39,Female,Bachelor's,Project Engineer,12,115702.33
52,Male,High School,Research Scientist,27,156706.22
47,Male,Bachelor's,Receptionist,21,113836.20
52,Male,High School,Receptionist,29,125495.38
25,Male,Master's,Business Analyst,0,83040.23
38,Male,Master's,UX Designer,11,124048.00
27,Male,PhD,IT Support,0,92234.86
55,Female,Master's,Engineer,31,186349.09
30,Female,High School,Director,5,118883.91
52,Male,High School,Research Scientist,30,170028.00
45,Female,PhD,HR Manager,18,159293.27
48,Female,PhD,Engineer,24,180380.99
29,Male,PhD,Software Developer,7,132958.00
29,Male,Bachelor's,Operations Manager,2,96214.35
22,Male,Master's,Sales Manager,0,103443.06
49,Male,Bachelor's,Project Engineer,27,163858.13
53,Male,PhD,Software Developer,30,201693.13
55,Female,High School,Software Developer,30,149469.98
56,Male,Bachelor's,Sales Associate,33,167427.94
33,Female,Bachelor's,HR Manager,11,100913.49
50,Male,PhD,Business Analyst,23,170791.50
41,Female,Bachelor's,Research Scientist,15,140693.12
48,Female,High School,Software Engineer,20,126884.49
51,Female,Master's,Director of Operations,29,218043.57
56,Male,High School,Project Engineer,30,155970.94
25,Female,PhD,Sales Associate,2,105920.95
43,Female,Master's,Senior Scientist,17,168600.30
48,Male,Bachelor's,Project Engineer,21,144799.69
38,Male,Master's,Software Engineer,15,147414.13
24,Male,Master's,Software Engineer,2,103969.22
47,Female,Bachelor's,VP of Operations,22,174654.64
50,Male,High School,Senior Manager,25,152572.49
49,Male,High School,Sales Director,26,169486.24
47,Male,Master's,Product Manager,22,176917.81
45,Female,High School,Project Engineer,22,132681.21
53,Female,Bachelor's,HR Manager,25,151628.76
30,Male,PhD,Business Analyst,8,125547.17
25,Male,High School,Marketing Analyst,0,57991.93
46,Male,Master's,UX Designer,19,152557.10
31,Male,Master's,Director of Operations,3,137734.21
57,Male,PhD,Product Manager,35,234742.13
60,Female,Bachelor's,Data Analyst,37,183641.52
35,Male,High School,HR Manager,11,88441.58
53,Female,Bachelor's,Marketing Analyst,26,146071.80
39,Male,Master's,UX Designer,17,140694.54
32,Male,Bachelor's,Marketing Coordinator,8,86298.20
28,Female,PhD,Sales Associate,0,94979.96
43,Female,Master's,VP of Operations,15,165606.41
50,Male,PhD,Software Engineer,24,190735.99
52,Female,PhD,Financial Analyst,25,179349.98
32,Female,PhD,Content Creator,9,118994.97
29,Male,Master's,Project Engineer,5,116936.63
30,Female,High School,VP of Operations,7,109959.35
52,Male,Master's,Product Manager,24,183100.55
50,Male,High School,Receptionist,24,109101.23
23,Male,High School,Graphic Designer,0,52825.12
50,Male,Bachelor's,Operations Manager,25,165395.66
54,Female,Bachelor's,Sales Director,32,199065.15
24,Male,PhD,HR Manager,0,106827.22
39,Female,PhD,Receptionist,17,137795.04
26,Male,Master's,Software Developer,2,104561.75
52,Male,High School,Content Creator,30,136270.29
51,Male,Bachelor's,Senior Scientist,28,184044.58
57,Female,Bachelor's,Software Developer,31,176501.92
46,Female,Bachelor's,HR Manager,23,143297.16
37,Female,Master's,Marketing Analyst,9,113417.37
53,Female,Master's,Account Manager,30,174409.97
24,Male,PhD,Sales Director,0,132543.54
29,Female,High School,Engineer,2,74160.81
51,Female,Bachelor's,Marketing Analyst,24,143170.09
41,Female,High School,Project Engineer,13,108092.31
29,Male,Bachelor's,IT Support,6,82578.19
42,Male,High School,Marketing Coordinator,18,104098.37
51,Female,Master's,Web Developer,25,161033.33
48,Female,Bachelor's,Marketing Manager,22,144340.13
27,Male,PhD,Sales Director,1,141243.14
34,Male,Bachelor's,Sales Manager,7,101706.30
41,Male,Master's,Engineer,18,149141.84
36,Female,High School,Web Developer,13,91909.87
40,Male,High School,Marketing Coordinator,17,100091.31
35,Female,High School,HR Manager,11,93995.38
24,Female,PhD,Business Analyst,1,107020.41
55,Male,Master's,Operations Manager,27,185074.05
27,Female,Master's,Project Engineer,0,104902.83
24,Male,Bachelor's,Data Scientist,0,91769.54
27,Female,Bachelor's,Product Manager,3,109960.30
40,Female,Bachelor's,Engineer,17,131590.81
40,Female,High School,Research Scientist,16,122616.12
57,Female,Bachelor's,Data Analyst,33,170818.14
46,Female,Bachelor's,Software Engineer,22,149680.30
60,Male,High School,Product Manager,36,187566.28
38,Male,High School,Business Analyst,11,88159.22
52,Female,Master's,Marketing Manager,28,180977.63
57,Female,High School,Data Scientist,31,167809.96
27,Female,High School,Content Creator,4,58621.07
22,Male,Bachelor's,Account Manager,0,71457.92
37,Female,PhD,Sales Director,9,161855.95
51,Female,Bachelor's,Director,24,197195.51
56,Male,High School,Marketing Coordinator,34,152454.55
52,Male,Bachelor's,Project Engineer,27,168608.08
39,Male,Bachelor's,Operations Manager,13,133646.25
60,Male,High School,UX Designer,35,161457.72
35,Male,PhD,HR Manager,11,137321.60
43,Male,Bachelor's,Project Engineer,18,141882.02
40,Male,PhD,Receptionist,13,121438.60
39,Female,High School,Sales Director,12,128347.66
26,Male,Bachelor's,IT Support,0,66982.76
54,Male,Bachelor's,Marketing Analyst,28,150516.21
42,Male,PhD,IT Support,15,136707.03
47,Male,Master's,Account Manager,24,153237.00
52,Male,PhD,Product Manager,27,211301.58
47,Male,Master's,Project Engineer,20,162804.31
34,Female,Master's,HR Manager,7,111182.17
44,Male,Master's,Content Creator,20,134474.80
37,Male,High School,Engineer,12,97909.22
38,Male,High School,UX Designer,11,95309.83
57,Male,Bachelor's,Data Analyst,30,163089.84
34,Male,Bachelor's,Data Analyst,9,97714.24
58,Female,PhD,VP of Operations,35,245951.81
37,Female,High School,Web Developer,13,99898.74
58,Female,Bachelor's,Marketing Coordinator,34,161266.15
30,Female,PhD,Web Developer,7,120108.86
49,Male,Master's,VP of Operations,22,191601.92
57,Male,High School,HR Manager,32,157452.80
31,Female,PhD,Content Creator,7,119436.92
58,Female,High School,Software Developer,33,163676.43
41,Female,Bachelor's,Data Analyst,15,119258.82
51,Female,Master's,Software Engineer,24,174217.15
44,Female,Bachelor's,Marketing Coordinator,18,123750.62
27,Female,High School,Sales Associate,1,47868.06
54,Male,Master's,Senior Scientist,26,195918.16
43,Female,Bachelor's,Product Manager,20,160835.63
44,Male,Bachelor's,Data Analyst,16,126319.20
60,Female,Bachelor's,Sales Manager,33,180404.18
36,Female,High School,Software Developer,10,95976.61
34,Female,Bachelor's,Software Developer,6,96645.26
27,Female,High School,Operations Manager,4,84274.62
39,Female,Master's,Operations Manager,15,143553.93
44,Male,PhD,Marketing Coordinator,22,165979.38
55,Male,High School,Content Creator,27,131660.56
32,Female,Master's,Research Scientist,6,125631.21
44,Female,High School,Marketing Manager,20,127553.97
45,Male,PhD,Data Analyst,21,166480.39
54,Male,High School,Product Manager,29,169061.69
37,Male,Bachelor's,VP of Operations,14,151213.48
34,Male,Bachelor's,Marketing Manager,10,114465.04
31,Female,Master's,Marketing Coordinator,8,108853.96
48,Male,Master's,Engineer,22,156800.45
60,Male,PhD,Sales Manager,34,213396.44
50,Male,Bachelor's,Marketing Coordinator,23,137081.35
43,Female,Bachelor's,Project Engineer,17,129656.45
39,Female,High School,Sales Director,13,122506.36
52,Female,Bachelor's,Sales Manager,29,164161.10
50,Male,Bachelor's,Data Scientist,27,176027.05
47,Female,Bachelor's,HR Manager,19,133799.76
58,Female,High School,HR Manager,35,156905.46
57,Male,High School,HR Manager,31,150030.95
35,Female,Bachelor's,Software Engineer,10,118962.66
25,Male,Master's,Marketing Analyst,1,87053.02
59,Female,High School,Data Scientist,34,180883.54
31,Male,High School,Research Scientist,9,102599.03
56,Male,PhD,Financial Analyst,30,201067.53
32,Male,Bachelor's,Sales Manager,8,109981.83
35,Male,Bachelor's,Sales Director,7,123550.16
55,Female,Bachelor's,Software Developer,32,175526.83
38,Female,High School,Account Manager,13,90150.62
42,Male,PhD,IT Support,18,145424.91
56,Female,PhD,Operations Manager,33,212507.58
27,Female,High School,Data Analyst,0,60710.21
22,Female,Master's,Project Engineer,0,97298.45
59,Male,PhD,Operations Manager,34,218081.57
57,Female,Bachelor's,HR Manager,33,171325.17
44,Female,Bachelor's,Data Analyst,18,126165.39
28,Male,PhD,UX Designer,5,123133.92
48,Female,PhD,Data Analyst,25,181419.83
56,Male,Bachelor's,Software Developer,32,179958.07
37,Female,High School,Financial Analyst,14,105733.64
37,Female,Master's,Content Creator,14,119295.76
31,Male,Master's,HR Manager,3,103345.43
28,Male,Master's,Software Developer,0,100568.94
49,Male,Bachelor's,IT Support,27,141612.48
38,Male,Bachelor's,Marketing Manager,14,127334.97
44,Female,Master's,Marketing Manager,19,159851.43
47,Female,Master's,Marketing Analyst,19,138386.28
44,Female,Bachelor's,Content Creator,16,111599.25
42,Female,Master's,Sales Associate,14,119200.62
26,Female,Bachelor's,Financial Analyst,2,78679.83
44,Male,Master's,Research Scientist,19,167775.31
45,Male,PhD,Content Creator,22,155429.74
31,Female,PhD,Operations Manager,6,132699.40
26,Female,Master's,Financial Analyst,4,100053.15
24,Female,Bachelor's,Software Engineer,0,81702.97
31,Male,Bachelor's,Data Analyst,3,83139.92
40,Female,High School,Content Creator,15,96932.19
37,Male,High School,Marketing Coordinator,10,79478.02
26,Male,Bachelor's,Operations Manager,1,90573.27
23,Female,Bachelor's,Project Engineer,0,79301.52
26,Female,PhD,Project Engineer,0,118687.42
39,Male,PhD,Data Analyst,15,145758.64
54,Male,High School,Senior Scientist,30,173822.37
50,Male,Bachelor's,UX Designer,22,146971.79
29,Male,High School,Marketing Manager,2,79159.63
46,Male,Bachelor's,VP of Operations,20,168009.44
51,Male,Bachelor's,Project Engineer,28,162258.31
38,Female,High School,Senior Manager,12,114973.58
35,Male,Master's,Marketing Manager,10,129770.96
35,Female,PhD,Receptionist,7,109450.16
58,Male,High School,Software Engineer,32,168140.89
31,Male,Master's,UX Designer,6,112634.66
24,Female,High School,Marketing Manager,0,63514.72
56,Female,High School,Research Scientist,33,173502.15
52,Female,Master's,Account Manager,27,165156.05
39,Male,PhD,Sales Manager,12,156106.97
38,Female,PhD,Marketing Analyst,13,140667.43
43,Female,Master's,Software Engineer,15,151201.73
38,Female,Master's,IT Support,11,115097.90
43,Male,Bachelor's,Senior Manager,21,152133.41
27,Female,Bachelor's,Product Manager,5,110492.03
51,Female,Bachelor's,Sales Associate,27,142547.92
40,Female,Bachelor's,Sales Associate,13,101915.43
27,Female,Bachelor's,Research Scientist,1,97138.14
44,Female,High School,Account Manager,18,107315.75
54,Male,High School,Graphic Designer,30,144712.21
44,Male,High School,Marketing Analyst,20,118484.64
54,Female,PhD,Marketing Coordinator,27,177678.07
35,Male,High School,Data Analyst,8,80507.16
58,Female,Bachelor's,Web Developer,36,180223.72
35,Female,Master's,Marketing Manager,9,125284.46
23,Male,Bachelor's,HR Manager,0,78471.33
35,Female,Master's,Sales Associate,11,113084.01
54,Female,High School,Content Creator,31,133580.25
38,Male,High School,Business Analyst,13,95435.74
33,Male,PhD,HR Manager,9,133446.28
49,Female,Bachelor's,UX Designer,21,142515.37
54,Female,Master's,Financial Analyst,29,182420.77
37,Female,PhD,Project Engineer,11,143309.65
38,Male,High School,Director,16,151908.72
34,Male,High School,Data Scientist,6,102824.53
27,Female,Master's,Content Creator,2,81253.15
47,Male,Master's,Director of Operations,24,196837.23
31,Male,Master's,Senior Scientist,6,134000.63
53,Male,PhD,Sales Director,28,215279.56
59,Male,High School,VP of Operations,32,191026.14
51,Male,High School,Account Manager,27,135612.75
51,Male,PhD,Senior Scientist,23,206039.54
24,Female,High School,Data Scientist,0,75119.69
42,Male,Bachelor's,Business Analyst,14,109623.24
49,Male,High School,IT Support,26,125624.67
57,Female,PhD,Business Analyst,35,207280.71
47,Female,Master's,Operations Manager,21,164939.49
42,Female,High School,Business Analyst,14,100134.17
33,Male,Bachelor's,Operations Manager,5,104521.32
53,Female,High School,Product Manager,28,166740.55
45,Female,PhD,VP of Operations,21,201204.52
60,Female,Master's,Director of Operations,34,229307.59
59,Female,High School,Product Manager,34,184825.03
48,Male,PhD,UX Designer,24,179395.81
22,Female,Master's,Engineer,0,96816.43
45,Male,Bachelor's,Account Manager,17,124328.79
30,Male,Master's,Project Engineer,7,125423.03
59,Male,Bachelor's,Engineer,31,171073.09
51,Female,Bachelor's,IT Support,24,139463.94
41,Female,Master's,Software Engineer,14,142819.71
28,Female,Master's,Senior Manager,1,116314.77
30,Female,PhD,Business Analyst,5,111629.96
30,Male,Master's,Data Scientist,7,127543.52
54,Female,Master's,Data Analyst,29,176457.24
57,Female,High School,Operations Manager,29,156041.41
46,Male,Bachelor's,Engineer,18,129417.67
30,Female,PhD,Operations Manager,7,143360.22
55,Female,Master's,Financial Analyst,28,176782.69
30,Female,Master's,VP of Operations,6,142560.79
24,Male,Bachelor's,Content Creator,2,70669.72
40,Male,PhD,HR Manager,12,141629.65
42,Female,High School,Senior Scientist,14,131821.80
59,Female,Master's,Data Scientist,36,217426.08
33,Female,Master's,Sales Director,11,154019.82
54,Female,Master's,Marketing Coordinator,28,168817.60
46,Female,Master's,IT Support,18,129415.02
60,Male,Bachelor's,Product Manager,34,203426.65
27,Female,Master's,Director,4,146523.87
35,Female,High School,UX Designer,8,84710.57
60,Male,Master's,VP of Operations,32,224328.06
22,Male,PhD,IT Support,0,94789.16
35,Male,Bachelor's,Graphic Designer,13,107844.08
53,Male,PhD,Senior Scientist,31,221551.89
25,Male,High School,Content Creator,0,46500.91
54,Male,Master's,Senior Scientist,29,202325.50
57,Male,PhD,Financial Analyst,34,208075.89
22,Male,PhD,Director,0,151358.39
36,Female,PhD,Account Manager,11,127148.06
55,Female,Bachelor's,Product Manager,30,185003.33
26,Male,Master's,Marketing Analyst,2,96639.58
58,Male,High School,Content Creator,33,147398.92
32,Female,Bachelor's,VP of Operations,7,127627.85
53,Female,Master's,Software Engineer,28,189482.27
35,Female,High School,Business Analyst,8,75095.05
36,Male,PhD,Business Analyst,8,123442.08
38,Male,PhD,Graphic Designer,13,140394.11
54,Female,Master's,Research Scientist,29,199003.63
45,Female,PhD,Content Creator,23,156846.56
59,Female,Master's,UX Designer,35,194684.88
53,Male,PhD,Software Engineer,29,200048.55
24,Female,High School,Marketing Coordinator,0,45972.13
25,Female,Master's,Software Developer,0,92671.40
30,Male,Master's,Software Engineer,2,110026.01
50,Male,PhD,Product Manager,24,200870.60
52,Female,Master's,Operations Manager,27,183641.55
57,Male,High School,Data Scientist,33,178690.15
58,Male,PhD,Data Scientist,33,225369.57
31,Female,High School,Research Scientist,7,99788.05
43,Male,Master's,Project Engineer,17,153779.31
22,Female,Bachelor's,Software Engineer,0,81900.36
25,Female,Bachelor's,UX Designer,1,75026.30
40,Female,Bachelor's,Sales Manager,18,134950.72
29,Female,Master's,Data Scientist,7,132578.61
36,Female,Bachelor's,IT Support,8,84340.47
51,Female,Bachelor's,Sales Manager,27,161523.68
48,Female,Master's,Account Manager,24,154606.98
35,Female,Bachelor's,Software Engineer,7,105160.26
59,Female,PhD,Project Engineer,36,220780.74
35,Male,Master's,Sales Associate,9,105734.96
25,Female,Bachelor's,Business Analyst,1,74555.62
29,Female,High School,Research Scientist,3,82921.97
50,Female,PhD,Web Developer,22,165691.37
35,Female,Master's,Data Scientist,7,132068.53
34,Male,PhD,Marketing Manager,11,144743.50
38,Female,PhD,Senior Manager,10,155974.65
33,Female,Bachelor's,Financial Analyst,10,107876.18
35,Female,PhD,Sales Associate,10,123696.90
41,Male,Bachelor's,Director of Operations,19,165168.42
57,Female,Master's,Business Analyst,31,179269.84
30,Female,PhD,Research Scientist,5,141760.83
36,Male,High School,Software Engineer,13,113656.59
27,Male,Master's,Web Developer,5,101181.97
50,Female,High School,Web Developer,26,129849.61
38,Female,PhD,Software Developer,14,153712.91
40,Female,Master's,Product Manager,18,164240.94
33,Male,Bachelor's,Operations Manager,9,118946.87
28,Female,PhD,Receptionist,5,100588.86
46,Male,Master's,Data Scientist,18,167284.28
60,Female,PhD,Product Manager,34,231427.95
48,Female,High School,Research Scientist,23,148576.67
39,Female,High School,Data Scientist,11,116558.51
58,Male,PhD,Senior Manager,32,224347.45
29,Male,PhD,Marketing Analyst,4,114305.38
55,Male,Bachelor's,Product Manager,28,185838.01
52,Female,PhD,Graphic Designer,26,170943.04
32,Male,High School,Marketing Analyst,4,70736.87
55,Female,Master's,Account Manager,33,174542.26
27,Male,Bachelor's,HR Manager,3,85322.00
42,Female,Master's,IT Support,20,133844.89
28,Female,Master's,Marketing Manager,5,108622.33
43,Male,Bachelor's,Web Developer,15,124819.14
40,Female,Master's,Account Manager,12,118463.14
50,Female,High School,Sales Manager,23,137405.10
22,Female,High School,Web Developer,0,57323.85
54,Female,Bachelor's,Sales Manager,32,173020.60
30,Female,PhD,UX Designer,6,128708.33
52,Female,High School,VP of Operations,30,179669.51
50,Female,Master's,Operations Manager,28,186387.98
50,Male,PhD,Marketing Manager,25,193742.48
26,Female,Bachelor's,Sales Director,0,108023.92
53,Female,High School,IT Support,31,139270.47
37,Female,PhD,Account Manager,9,126907.15
25,Male,PhD,Web Developer,0,110412.88
57,Female,Master's,Graphic Designer,35,183521.81
25,Male,Bachelor's,Senior Manager,2,101980.14
48,Male,PhD,Senior Scientist,24,207637.52
49,Female,Master's,Product Manager,24,183170.06
29,Male,Bachelor's,Senior Manager,2,99419.84
26,Male,PhD,Director of Operations,4,156919.86
32,Female,Master's,Senior Scientist,5,137423.28
47,Male,High School,Content Creator,22,109556.23
29,Female,High School,IT Support,2,50019.92
50,Female,Master's,Marketing Coordinator,25,153298.78
57,Female,High School,Project Engineer,29,159161.99
59,Male,Master's,Product Manager,32,206364.82
53,Female,PhD,Software Engineer,29,206391.27
43,Female,High School,HR Manager,16,110742.52
34,Male,PhD,Sales Manager,8,138631.18
60,Female,Bachelor's,Sales Manager,33,182019.35
24,Female,High School,Graphic Designer,0,53018.39
34,Male,PhD,Director of Operations,6,165490.04
43,Female,Bachelor's,Product Manager,20,156277.43
44,Female,Master's,Financial Analyst,20,154554.38
53,Male,High School,Software Engineer,31,158015.77
39,Female,High School,Sales Director,13,124657.91
59,Female,PhD,VP of Operations,31,227305.06
54,Female,Master's,Account Manager,27,159066.48
24,Female,High School,Data Scientist,0,79807.54
45,Male,Bachelor's,Software Engineer,20,144619.61
31,Male,Bachelor's,Software Engineer,5,105061.96
33,Female,Bachelor's,Research Scientist,11,128285.35
38,Female,Bachelor's,Director,13,161394.15
57,Female,Bachelor's,Graphic Designer,33,163495.84
26,Female,Master's,Web Developer,0,91460.95
54,Male,Bachelor's,Marketing Coordinator,28,153434.56
37,Male,Bachelor's,Account Manager,12,108499.75
46,Male,Master's,Senior Manager,24,180578.54
56,Male,Master's,VP of Operations,30,210925.94
49,Male,PhD,Product Manager,27,213815.45
37,Male,PhD,UX Designer,11,144613.44
24,Female,PhD,Operations Manager,0,123978.03
57,Female,Master's,Director of Operations,31,223175.98
36,Female,High School,Business Analyst,11,92236.46
42,Female,Bachelor's,Financial Analyst,14,114825.80
59,Female,Master's,Software Engineer,34,204212.49
22,Female,PhD,Senior Scientist,0,132648.09
30,Female,Master's,Software Developer,5,111405.40
40,Female,Master's,Marketing Analyst,12,119438.65
50,Male,High School,Receptionist,22,105092.44
47,Male,High School,Software Developer,20,130078.95
34,Male,Master's,Engineer,6,109943.32
35,Male,Bachelor's,Marketing Analyst,8,92692.50
35,Male,Master's,Senior Scientist,8,142497.63
39,Female,High School,Director,14,148147.46
48,Female,High School,Software Developer,26,138536.38
27,Female,High School,Senior Scientist,4,95917.08
22,Female,PhD,Engineer,0,109942.96
39,Male,PhD,HR Manager,17,159971.48
57,Male,Master's,Receptionist,33,165684.15
50,Female,High School,Financial Analyst,27,134903.80
28,Male,High School,Content Creator,5,64625.48